,Rk,Player,Pos,Age,Tm,G,GS,MP,FG,FGA,FG%,3P,3PA,3P%,2P,2PA,2P%,eFG%,FT,FTA,FT%,ORB,DRB,TRB,AST,STL,BLK,TOV,PF,PTS,Allstar True
0,1,Precious Achiuwa,C-PF,24,TOT,30,0,16.6,2.8,6.2,0.449,0.5,1.7,0.269,2.3,4.5,0.519,0.487,0.8,1.4,0.571,2.0,3.1,5.1,1.5,0.6,0.5,1.0,1.5,6.9,0
1,2,Bam Adebayo,C,26,MIA,27,27,34.4,8.0,15.7,0.513,0.0,0.3,0.143,8.0,15.4,0.519,0.514,6.0,7.6,0.782,2.2,8.1,10.4,4.0,1.1,1.0,2.5,2.4,22.1,1
2,3,Ochai Agbaji,SG,23,UTA,39,10,20.3,2.4,5.3,0.444,1.1,3.1,0.339,1.3,2.2,0.593,0.543,0.3,0.4,0.733,0.8,1.7,2.5,1.0,0.6,0.5,0.7,1.5,6.1,0
3,4,Santi Aldama,PF,23,MEM,29,5,23.2,3.9,9.0,0.438,1.6,4.6,0.341,2.4,4.4,0.539,0.525,1.0,1.6,0.609,1.3,4.2,5.5,1.7,0.7,0.7,1.1,1.6,10.4,0
4,5,Nickeil Alexander-Walker,SG,25,MIN,37,12,22.4,2.4,5.7,0.417,1.4,3.8,0.362,1.0,1.9,0.529,0.538,0.4,0.6,0.696,0.5,1.3,1.8,2.4,0.9,0.6,0.9,1.9,6.6,0
5,6,Grayson Allen,SG,28,PHO,32,32,33.4,4.6,9.2,0.502,2.6,5.5,0.472,2.0,3.7,0.547,0.643,1.7,1.9,0.9,0.8,3.4,4.2,2.8,0.9,0.6,1.5,2.2,13.5,0
6,7,Jarrett Allen,C,25,CLE,31,31,30.0,6.1,9.2,0.667,0.0,0.0,0.0,6.1,9.2,0.669,0.667,2.6,3.5,0.734,3.5,6.5,9.9,2.9,0.8,0.9,1.7,2.5,14.8,0
7,8,Jose Alvarado,PG,25,NOP,22,0,17.0,2.5,6.0,0.409,1.3,3.3,0.384,1.2,2.7,0.441,0.515,0.7,1.1,0.6,0.5,1.9,2.4,1.9,1.0,0.5,0.9,1.5,6.9,0
8,9,Kyle Anderson,PF,30,MIN,37,2,23.1,2.6,5.6,0.469,0.1,0.7,0.12,2.5,4.9,0.516,0.476,1.4,2.1,0.697,0.7,3.0,3.7,3.9,0.8,0.7,1.5,1.5,6.8,0
9,10,Giannis Antetokounmpo,PF,29,MIL,36,36,35.2,11.7,19.2,0.607,0.4,1.8,0.238,11.3,17.5,0.644,0.618,7.7,11.4,0.676,2.7,8.8,11.5,5.9,1.3,1.2,3.6,2.9,31.4,1
10,11,Thanasis Antetokounmpo,PF,31,MIL,15,0,3.9,0.3,0.6,0.444,0.0,0.0,0.0,0.3,0.6,0.444,0.444,0.0,0.0,0.0,0.2,0.3,0.5,0.5,0.1,0.1,0.3,0.6,0.5,0
11,12,Cole Anthony,PG,23,ORL,36,0,24.8,4.7,10.7,0.44,1.3,3.8,0.346,3.4,6.9,0.492,0.501,3.2,3.8,0.847,1.1,3.3,4.4,3.4,0.7,0.4,1.8,2.8,13.9,0
12,13,OG Anunoby,SF,26,TOT,32,32,33.3,5.8,11.6,0.497,2.2,5.8,0.384,3.6,5.8,0.61,0.593,1.2,1.6,0.731,1.1,3.0,4.1,2.4,1.1,0.4,1.5,2.5,15.0,0
13,14,Ryan Arcidiacono,PG,29,NYK,14,0,2.4,0.0,0.4,0.0,0.0,0.4,0.0,0.0,0.0,0.0,0.0,0.0,0.0,0.0,0.0,0.4,0.4,0.2,0.1,0.0,0.0,0.3,0.0,0
14,15,Deni Avdija,SF,23,WAS,37,37,27.1,4.5,9.1,0.499,1.0,2.7,0.356,3.6,6.4,0.559,0.552,2.0,2.7,0.75,1.1,4.9,5.9,3.8,1.0,0.3,1.7,2.4,12.1,0
15,16,Deandre Ayton,C,25,POR,24,24,31.7,6.0,10.9,0.548,0.0,0.0,0.0,6.0,10.9,0.548,0.548,1.2,1.5,0.778,3.4,7.3,10.8,1.6,1.2,0.7,2.1,2.5,13.1,0
16,17,Udoka Azubuike,C,24,PHO,9,0,8.2,1.4,1.9,0.765,0.0,0.0,0.0,1.4,1.9,0.765,0.765,0.2,0.8,0.286,0.9,1.7,2.6,0.2,0.0,0.7,0.3,1.2,3.1,0
17,18,Ibou Badji,C,21,POR,8,1,14.9,0.9,1.6,0.538,0.0,0.0,0.0,0.9,1.6,0.538,0.538,0.4,0.8,0.5,1.8,2.3,4.0,0.8,0.3,1.3,1.0,3.3,2.1,0
18,19,Marvin Bagley III,C,24,DET,25,10,18.6,4.1,7.0,0.589,0.0,0.2,0.167,4.1,6.8,0.604,0.591,1.9,2.3,0.825,1.8,2.8,4.6,1.0,0.2,0.6,1.2,1.5,10.2,0
19,20,Amari Bailey,PG,19,CHO,2,0,5.5,1.0,3.0,0.333,0.0,1.0,0.0,1.0,2.0,0.5,0.333,0.5,1.0,0.5,1.0,0.0,1.0,0.0,0.0,0.0,0.5,0.0,2.5,0
20,21,Patrick Baldwin Jr.,SF,21,WAS,9,0,5.8,0.6,1.8,0.313,0.3,0.8,0.429,0.2,1.0,0.222,0.406,0.4,0.4,1.0,0.2,1.0,1.2,0.3,0.0,0.1,0.1,0.6,1.9,0
21,22,LaMelo Ball,PG,22,CHO,15,15,33.4,8.8,19.9,0.443,3.5,8.9,0.388,5.3,10.9,0.488,0.53,3.6,4.2,0.857,1.5,3.9,5.5,8.2,1.4,0.3,3.9,3.5,24.7,0
22,23,Mo Bamba,C,25,PHI,23,0,8.4,1.5,2.8,0.538,0.3,0.7,0.5,1.2,2.1,0.551,0.6,0.6,0.8,0.684,1.3,1.7,3.0,0.6,0.4,0.7,0.6,1.2,4.0,0
23,24,Paolo Banchero,PF,21,ORL,37,37,35.0,8.1,17.7,0.458,1.5,4.0,0.381,6.6,13.7,0.48,0.501,5.2,7.4,0.703,1.2,5.9,7.1,4.8,1.1,0.6,3.3,2.2,22.9,1
24,25,Desmond Bane,SG,25,MEM,36,36,34.9,9.1,19.0,0.477,3.3,8.7,0.382,5.8,10.3,0.558,0.565,3.2,3.7,0.865,0.9,3.7,4.7,5.4,1.0,0.6,2.8,2.9,24.7,0
25,26,Dalano Banton,PG,24,BOS,18,1,6.8,0.9,1.9,0.486,0.1,0.5,0.111,0.9,1.4,0.615,0.5,0.7,0.8,0.857,0.6,1.1,1.7,0.4,0.1,0.1,0.5,1.0,2.6,0
26,27,Dominick Barlow,PF,20,SAS,14,0,10.5,1.4,3.1,0.465,0.1,0.3,0.25,1.4,2.8,0.487,0.477,0.4,0.6,0.667,0.9,1.8,2.6,0.9,0.4,0.4,0.2,1.4,3.4,0
27,28,Harrison Barnes,PF,31,SAC,37,37,29.3,3.7,7.7,0.477,1.8,4.3,0.413,1.9,3.4,0.56,0.593,1.8,2.3,0.798,0.9,2.0,2.9,1.3,0.7,0.2,0.7,1.3,10.9,0
28,29,Scottie Barnes,SG,22,TOR,38,38,35.1,7.7,16.0,0.481,2.2,5.7,0.38,5.5,10.3,0.537,0.549,2.9,3.8,0.766,2.3,6.2,8.6,5.7,1.4,1.4,2.4,2.1,20.4,0
29,30,RJ Barrett,SG,23,TOT,32,32,30.1,6.6,14.7,0.452,1.8,4.9,0.367,4.8,9.7,0.495,0.514,3.8,4.7,0.82,0.8,4.0,4.8,2.6,0.5,0.3,1.9,2.1,18.9,0
30,31,Charles Bassey,C,23,SAS,19,0,10.8,1.5,2.1,0.725,0.0,0.1,0.0,1.5,2.1,0.744,0.725,0.3,0.3,0.833,1.2,2.8,4.0,1.1,0.4,0.9,0.8,1.6,3.3,0
31,32,Emoni Bates,SF,20,CLE,10,0,7.6,0.6,2.5,0.24,0.5,2.0,0.25,0.1,0.5,0.2,0.34,0.1,0.2,0.5,0.1,0.9,1.0,0.6,0.1,0.2,0.1,0.5,1.8,0
32,33,Keita Bates-Diop,SF,28,PHO,27,8,17.0,1.7,4.3,0.385,0.5,1.9,0.28,1.1,2.5,0.463,0.444,0.9,1.3,0.735,0.8,2.1,2.9,0.9,0.7,0.6,0.2,1.1,4.8,0
33,34,Nicolas Batum,PF,35,TOT,25,18,24.2,1.9,3.8,0.5,1.2,2.9,0.431,0.7,1.0,0.708,0.661,0.4,0.6,0.643,1.0,2.7,3.6,2.2,0.6,0.8,0.6,1.9,5.4,0
34,35,Bradley Beal,SG,30,PHO,13,13,30.8,6.3,13.2,0.48,1.0,3.3,0.302,5.3,9.8,0.539,0.518,2.8,3.5,0.783,0.7,3.2,3.8,3.8,0.7,0.5,2.2,2.5,16.4,0
35,36,Malik Beasley,SG,27,MIL,35,35,29.0,4.2,8.5,0.49,2.9,6.2,0.477,1.2,2.3,0.524,0.663,0.2,0.3,0.667,0.6,3.4,4.1,1.3,0.7,0.1,0.7,2.0,11.5,0
36,37,MarJon Beauchamp,SF,23,MIL,32,1,15.6,2.0,4.1,0.492,0.8,1.9,0.417,1.2,2.2,0.557,0.588,0.4,0.6,0.6,0.6,1.9,2.5,0.8,0.3,0.2,0.7,1.4,5.2,0
37,38,Jules Bernard,SG,24,WAS,2,0,5.0,0.5,2.5,0.2,0.0,1.5,0.0,0.5,1.0,0.5,0.2,0.0,0.0,0.0,0.5,0.0,0.5,0.5,0.0,0.0,0.5,0.5,1.0,0
38,39,D?vis Bert?ns,PF,31,OKC,12,0,6.9,0.8,2.0,0.375,0.8,1.8,0.409,0.0,0.2,0.0,0.563,1.2,1.3,0.933,0.2,0.7,0.8,0.7,0.2,0.2,0.1,0.8,3.4,0
39,40,Patrick Beverley,PG,35,PHI,35,1,17.5,1.8,4.1,0.441,0.7,2.1,0.319,1.2,2.1,0.562,0.521,0.9,1.1,0.775,0.7,2.1,2.8,2.3,0.5,0.3,0.7,1.7,5.2,0
40,41,Saddiq Bey,SF,24,ATL,36,24,32.6,4.6,10.5,0.438,1.8,5.5,0.335,2.8,5.0,0.55,0.525,1.9,2.4,0.8,2.4,4.3,6.7,1.4,1.0,0.2,1.1,1.6,12.9,0
41,42,Goga Bitadze,C,24,ORL,33,26,20.9,2.9,4.8,0.614,0.1,0.2,0.286,2.9,4.6,0.629,0.62,1.4,1.9,0.703,2.5,3.8,6.3,1.7,0.7,1.7,0.8,2.4,7.3,0
42,43,Onuralp Bitim,SG,24,CHI,1,0,3.0,0.0,0.0,0.0,0.0,0.0,0.0,0.0,0.0,0.0,0.0,0.0,0.0,0.0,0.0,0.0,0.0,0.0,0.0,0.0,0.0,0.0,0.0,0
43,44,Bismack Biyombo,C,31,MEM,30,27,23.9,2.2,4.0,0.563,0.0,0.0,0.0,2.2,4.0,0.563,0.563,0.7,1.5,0.478,1.9,4.5,6.4,1.7,0.3,1.1,1.3,2.7,5.2,0
44,45,Anthony Black,PG,20,ORL,35,28,20.0,1.9,4.0,0.489,0.5,1.5,0.353,1.4,2.5,0.568,0.554,0.6,1.0,0.629,0.6,1.9,2.5,1.8,0.7,0.4,1.1,2.1,5.0,0
45,46,Leaky Black,SF,24,CHO,8,0,5.8,0.6,1.0,0.625,0.1,0.3,0.5,0.5,0.8,0.667,0.688,0.0,0.0,0.0,0.3,0.6,0.9,0.5,0.3,0.4,0.1,0.3,1.4,0
46,47,Bogdan Bogdanovi?,SG,31,ATL,34,2,28.3,6.3,14.6,0.432,3.3,8.9,0.369,3.0,5.7,0.531,0.544,1.7,1.9,0.894,0.5,2.7,3.2,2.7,1.4,0.2,1.0,2.5,17.6,0
47,48,Bojan Bogdanovi?,PF,34,DET,19,18,33.7,7.2,15.3,0.467,3.0,7.4,0.407,4.2,7.9,0.523,0.565,2.5,3.3,0.746,0.7,3.1,3.7,2.7,1.1,0.1,2.4,2.2,19.8,0
48,49,Bol Bol,PF,24,PHO,11,0,6.3,1.4,1.8,0.75,0.3,0.5,0.6,1.1,1.4,0.8,0.825,0.2,0.3,0.667,0.6,1.3,1.9,0.4,0.1,0.4,0.5,0.8,3.2,0
49,50,Marques Bolden,C,25,MIL,2,0,1.5,0.0,0.0,0.0,0.0,0.0,0.0,0.0,0.0,0.0,0.0,0.0,0.0,0.0,0.0,1.0,1.0,0.0,0.0,0.0,0.0,0.5,0.0,0
50,51,Devin Booker,PG,27,PHO,28,28,35.8,9.0,18.7,0.479,2.1,5.5,0.379,6.9,13.3,0.52,0.534,6.1,7.0,0.882,0.8,4.0,4.8,7.8,0.8,0.4,3.0,3.3,26.1,1
51,52,Brandon Boston Jr.,SF,22,LAC,7,0,7.9,1.9,4.1,0.448,0.6,1.9,0.308,1.3,2.3,0.563,0.517,0.9,0.9,1.0,0.4,0.7,1.1,0.6,0.1,0.0,0.4,1.1,5.1,0
52,53,Chris Boucher,PF,31,TOR,35,0,14.2,2.2,4.5,0.487,0.7,1.9,0.358,1.5,2.5,0.584,0.564,1.3,1.8,0.742,1.1,2.9,4.0,0.4,0.4,0.5,0.5,1.5,6.3,0
53,54,James Bouknight,SG,23,CHO,7,0,7.4,1.7,3.4,0.5,1.3,2.6,0.5,0.4,0.9,0.5,0.688,0.0,0.0,0.0,0.1,1.0,1.1,0.9,0.0,0.0,0.1,0.3,4.7,0
54,55,Jamaree Bouyea,PG,24,POR,6,0,9.5,0.8,3.5,0.238,0.0,1.3,0.0,0.8,2.2,0.385,0.238,0.0,0.0,0.0,0.3,1.3,1.7,1.3,0.0,0.0,1.3,0.5,1.7,0
55,56,Malaki Branham,PG,20,SAS,35,21,22.1,3.5,8.3,0.429,1.0,3.2,0.31,2.5,5.0,0.506,0.49,0.6,0.7,0.913,0.3,1.8,2.1,2.5,0.4,0.1,1.3,1.4,8.7,0
56,57,Christian Braun,SG,22,DEN,39,0,19.7,3.0,6.4,0.466,0.7,1.9,0.384,2.3,4.5,0.5,0.522,1.3,1.8,0.732,0.7,2.8,3.5,1.7,0.4,0.4,0.7,1.6,8.0,0
57,58,Mikal Bridges,SF,27,BRK,37,37,34.4,7.5,16.4,0.454,2.0,5.8,0.35,5.4,10.6,0.51,0.516,4.2,5.0,0.839,0.9,4.3,5.2,3.7,0.8,0.4,2.4,1.6,21.2,0
58,59,Miles Bridges,SF,25,CHO,24,22,36.8,7.9,17.0,0.464,2.3,6.4,0.351,5.6,10.5,0.534,0.531,2.7,3.2,0.844,0.9,6.2,7.0,3.2,1.2,0.5,2.0,2.1,20.7,0
59,60,Oshae Brissett,SF,25,BOS,21,0,11.9,1.1,2.7,0.429,0.4,1.2,0.32,0.8,1.5,0.516,0.5,0.8,1.2,0.615,1.2,1.9,3.1,0.5,0.5,0.0,0.2,1.2,3.4,0
60,61,Malcolm Brogdon,PG,31,POR,29,16,26.8,5.4,12.4,0.435,2.1,5.2,0.413,3.2,7.2,0.45,0.521,2.0,2.6,0.776,0.7,2.7,3.4,5.2,0.7,0.1,1.4,1.2,14.9,0
61,62,Armoni Brooks,PG,25,BRK,10,0,10.4,1.5,4.6,0.326,1.1,3.2,0.344,0.4,1.4,0.286,0.446,0.1,0.2,0.5,0.7,1.1,1.8,0.5,0.1,0.1,0.3,0.3,4.2,0
62,63,Dillon Brooks,SF,28,HOU,28,28,30.9,5.0,10.6,0.476,1.9,4.6,0.408,3.1,5.9,0.53,0.566,1.6,1.9,0.833,0.7,2.8,3.5,1.7,0.9,0.0,1.8,3.8,13.6,0
63,64,Bruce Brown,SG,27,IND,31,31,29.9,4.4,9.3,0.471,1.0,3.1,0.313,3.4,6.2,0.549,0.522,2.1,2.5,0.835,0.6,4.0,4.6,2.9,1.0,0.3,1.2,2.5,11.9,0
64,65,Charlie Brown Jr.,SG,26,NYK,3,0,1.7,0.3,1.3,0.25,0.3,1.0,0.333,0.0,0.3,0.0,0.375,0.0,0.0,0.0,0.0,0.0,0.0,0.0,0.0,0.0,0.7,0.0,1.0,0
65,66,Greg Brown III,PF,22,DAL,6,0,6.7,0.8,1.8,0.455,0.2,0.5,0.333,0.7,1.3,0.5,0.5,0.7,1.5,0.444,0.5,1.0,1.5,0.7,0.0,0.7,0.7,0.8,2.5,0
66,67,Jaylen Brown,SF,27,BOS,35,35,34.1,9.0,18.2,0.494,2.2,6.1,0.36,6.8,12.1,0.561,0.554,3.3,4.5,0.744,0.9,4.3,5.2,3.5,1.1,0.6,2.7,2.6,23.5,1
67,68,Kendall Brown,SG,20,IND,1,0,1.0,0.0,0.0,0.0,0.0,0.0,0.0,0.0,0.0,0.0,0.0,0.0,0.0,0.0,0.0,0.0,0.0,0.0,0.0,0.0,0.0,0.0,0.0,0
68,69,Kobe Brown,PF,24,LAC,24,0,10.3,0.9,2.3,0.4,0.5,1.5,0.306,0.5,0.8,0.579,0.5,0.0,0.1,0.5,0.3,1.2,1.5,0.6,0.3,0.1,0.2,1.5,2.3,0
69,70,Moses Brown,C,24,POR,9,4,9.1,1.0,2.3,0.429,0.0,0.0,0.0,1.0,2.3,0.429,0.429,0.0,0.4,0.0,2.0,3.1,5.1,0.2,0.2,0.3,0.4,1.2,2.0,0
70,71,Troy Brown Jr.,SF,24,MIN,32,3,12.0,1.5,3.4,0.444,0.9,2.4,0.368,0.6,1.0,0.625,0.574,0.6,0.7,0.864,0.4,1.7,2.1,0.9,0.3,0.1,0.5,0.7,4.5,0
71,72,Jalen Brunson,PG,27,NYK,37,37,35.6,9.0,19.2,0.469,2.8,6.6,0.426,6.2,12.6,0.491,0.542,4.8,5.8,0.831,0.6,3.2,3.9,6.4,1.0,0.2,2.3,2.1,25.6,1
72,73,Thomas Bryant,C,26,MIA,20,3,11.4,2.0,3.6,0.556,0.0,0.2,0.0,2.0,3.5,0.58,0.556,0.9,1.0,0.85,1.1,2.5,3.6,0.6,0.3,0.3,0.8,1.2,4.9,0
73,74,Kobe Bufkin,SG,20,ATL,2,0,2.0,0.0,1.5,0.0,0.0,0.5,0.0,0.0,1.0,0.0,0.0,0.5,1.0,0.5,0.5,0.5,1.0,0.0,0.0,0.0,0.0,0.0,0.5,0
74,75,Reggie Bullock,SF,32,HOU,15,0,8.6,0.8,2.1,0.387,0.5,1.5,0.364,0.3,0.6,0.444,0.516,0.1,0.1,1.0,0.1,1.0,1.1,0.5,0.1,0.1,0.2,0.5,2.2,0
75,76,Alec Burks,SG,32,DET,31,0,19.2,3.3,8.8,0.376,1.9,5.2,0.37,1.4,3.6,0.384,0.485,2.6,3.0,0.882,0.5,1.9,2.3,1.4,0.4,0.2,0.7,1.4,11.2,0
76,77,Jared Butler,SG,23,WAS,17,0,7.5,1.6,2.9,0.56,0.6,1.4,0.417,1.1,1.5,0.692,0.66,0.7,0.9,0.8,0.0,0.6,0.6,1.8,0.5,0.1,0.6,0.8,4.6,0
77,78,Jimmy Butler,PF,34,MIA,24,24,33.6,6.5,14.0,0.464,0.8,2.2,0.377,5.7,11.8,0.481,0.494,7.1,8.1,0.881,1.9,3.2,5.0,4.5,1.0,0.4,1.8,1.1,21.0,0
78,79,Jamal Cain,PF,24,MIA,14,1,14.9,2.1,4.7,0.439,0.6,1.8,0.32,1.5,2.9,0.512,0.5,1.0,1.4,0.737,0.9,1.2,2.1,0.2,0.6,0.3,0.3,1.1,5.7,0
79,80,Kentavious Caldwell-Pope,SG,30,DEN,37,37,32.1,3.6,7.8,0.46,1.5,3.6,0.403,2.1,4.1,0.51,0.554,1.5,1.7,0.903,0.5,1.7,2.2,2.6,1.5,0.6,1.1,1.9,10.1,0
80,81,Toumani Camara,PF,23,POR,35,26,25.0,2.6,6.4,0.411,0.9,2.9,0.297,1.8,3.5,0.504,0.478,0.9,1.4,0.673,2.0,3.0,5.0,1.0,1.0,0.5,1.2,2.8,7.1,0
81,82,Clint Capela,C,29,ATL,34,34,26.4,4.9,8.4,0.582,0.0,0.0,0.0,4.9,8.4,0.582,0.582,1.8,2.7,0.674,5.0,5.8,10.8,1.1,0.7,1.7,0.9,2.7,11.6,0
82,83,Jevon Carter,PG,28,CHI,38,0,14.4,2.0,5.5,0.359,1.2,3.5,0.336,0.8,2.0,0.4,0.467,0.1,0.1,0.6,0.1,0.6,0.7,1.2,0.6,0.3,0.5,1.2,5.2,0
83,84,Wendell Carter Jr.,C,24,ORL,13,10,24.4,2.8,6.7,0.425,1.0,2.5,0.406,1.8,4.2,0.436,0.5,1.4,2.0,0.692,1.5,4.8,6.4,1.8,0.3,0.5,1.2,2.2,8.1,0
84,85,Alex Caruso,SG,29,CHI,32,20,24.9,3.5,7.1,0.493,1.6,4.0,0.409,1.9,3.1,0.6,0.608,1.3,1.7,0.759,1.1,2.4,3.5,2.5,1.3,0.8,1.3,2.4,9.9,0
85,86,Colin Castleton,C,23,LAL,4,0,7.0,1.3,2.0,0.625,0.0,0.0,0.0,1.3,2.0,0.625,0.625,0.5,0.5,1.0,0.8,1.0,1.8,0.8,0.0,0.0,0.0,1.3,3.0,0
86,87,Malcolm Cazalon,SG,22,DET,1,0,3.0,0.0,0.0,0.0,0.0,0.0,0.0,0.0,0.0,0.0,0.0,0.0,0.0,0.0,0.0,0.0,0.0,0.0,0.0,0.0,0.0,0.0,0.0,0
87,88,Julian Champagnie,SF,22,SAS,29,14,14.7,1.7,4.3,0.392,1.2,3.2,0.383,0.4,1.1,0.419,0.536,0.7,0.9,0.84,0.3,1.6,1.9,0.9,0.6,0.6,0.7,1.1,5.3,0
88,89,Max Christie,SG,20,LAL,28,6,17.7,1.9,4.7,0.405,0.7,2.3,0.313,1.2,2.4,0.493,0.481,0.5,0.7,0.75,0.3,2.7,3.0,1.0,0.4,0.3,0.8,1.3,5.0,0
89,90,Sidy Cissoko,SF,19,SAS,5,0,6.4,0.2,1.2,0.167,0.0,0.8,0.0,0.2,0.4,0.5,0.167,0.8,0.8,1.0,0.0,1.2,1.2,0.0,0.6,0.0,0.2,0.4,1.2,0
90,91,Jordan Clarkson,SG,31,UTA,29,19,30.0,6.3,15.1,0.418,1.7,5.6,0.302,4.6,9.5,0.486,0.474,3.4,3.9,0.875,1.1,2.6,3.7,5.3,0.7,0.1,3.1,1.4,17.7,0
91,92,Nic Claxton,C,24,BRK,27,27,28.1,5.2,8.1,0.641,0.0,0.0,1.0,5.2,8.1,0.639,0.643,1.7,2.9,0.597,3.2,6.7,9.9,1.8,0.5,2.4,1.1,2.5,12.2,0
92,93,Noah Clowney,PF,19,BRK,2,0,13.5,3.0,4.5,0.667,0.0,0.5,0.0,3.0,4.0,0.75,0.667,1.0,1.0,1.0,1.5,1.0,2.5,1.0,0.0,0.0,0.5,1.5,7.0,0
93,94,Amir Coffey,SF,26,LAC,25,6,15.2,1.5,3.0,0.5,0.5,1.6,0.325,1.0,1.4,0.694,0.586,0.5,0.6,0.867,0.4,1.2,1.6,0.7,0.2,0.0,0.4,1.1,4.1,0
94,95,John Collins,PF,26,UTA,35,33,28.3,5.4,10.9,0.496,1.4,3.7,0.377,4.0,7.2,0.558,0.56,1.8,2.4,0.759,2.0,5.6,7.6,0.9,0.6,0.8,1.5,2.6,14.0,0
95,96,Zach Collins,C,26,SAS,31,23,26.1,4.9,10.0,0.495,1.1,3.5,0.312,3.8,6.5,0.595,0.55,2.0,2.5,0.792,1.9,4.1,6.0,3.3,0.6,0.8,2.3,3.4,12.9,0
96,97,Mike Conley,PG,36,MIN,36,36,29.3,3.8,8.2,0.458,2.4,5.2,0.455,1.4,3.0,0.463,0.602,1.3,1.4,0.941,0.3,2.4,2.7,6.3,1.0,0.1,1.1,1.7,11.2,0
97,98,Pat Connaughton,SF,31,MIL,31,0,21.9,2.0,4.6,0.424,1.2,3.4,0.356,0.8,1.3,0.6,0.552,0.4,0.5,0.706,0.7,2.8,3.5,1.8,0.5,0.2,0.6,1.2,5.5,0
98,99,Bilal Coulibaly,SF,19,WAS,36,1,26.5,3.1,6.4,0.478,1.1,2.7,0.392,2.0,3.7,0.541,0.561,1.1,1.8,0.641,0.8,3.4,4.3,1.8,0.9,0.8,1.4,2.1,8.3,0
99,100,Ricky Council IV,SG,22,PHI,1,0,6.0,0.0,1.0,0.0,0.0,1.0,0.0,0.0,0.0,0.0,0.0,0.0,0.0,0.0,0.0,0.0,0.0,0.0,0.0,0.0,0.0,0.0,0.0,0
100,101,Robert Covington,SF-PF,33,TOT,29,6,16.8,1.5,3.4,0.439,0.7,1.9,0.339,0.8,1.4,0.571,0.536,0.8,0.9,0.846,1.1,2.3,3.3,0.8,1.3,0.6,0.4,1.9,4.4,0
101,102,Torrey Craig,SF,33,CHI,27,7,21.2,2.2,5.1,0.424,1.1,2.8,0.382,1.1,2.3,0.476,0.529,0.7,0.9,0.783,1.9,3.0,4.8,1.0,0.6,0.4,0.6,2.5,6.1,0
102,103,Jae Crowder,PF,33,MIL,9,2,26.7,2.8,5.2,0.532,1.8,3.4,0.516,1.0,1.8,0.563,0.702,0.8,1.3,0.583,0.4,3.4,3.9,1.7,0.8,0.3,0.4,1.6,8.1,0
103,104,Cade Cunningham,PG,22,DET,36,36,34.5,8.5,19.0,0.449,1.9,5.6,0.335,6.7,13.4,0.496,0.498,3.9,4.5,0.87,0.4,3.6,4.1,7.3,1.0,0.3,3.8,2.8,22.8,0
104,105,Seth Curry,SG,33,DAL,29,3,13.4,1.6,4.3,0.379,0.9,2.4,0.391,0.7,1.9,0.364,0.488,0.5,0.6,0.875,0.4,1.1,1.6,0.9,0.6,0.1,0.4,0.9,4.7,0
105,106,Stephen Curry,PG,35,GSW,35,35,33.2,8.4,18.8,0.447,4.5,11.3,0.398,3.9,7.5,0.521,0.567,5.4,5.9,0.922,0.5,3.7,4.2,4.7,0.8,0.4,3.1,1.8,26.7,1
106,107,Dyson Daniels,PG,20,NOP,38,13,22.7,2.3,5.4,0.434,0.7,2.4,0.297,1.6,3.0,0.544,0.5,0.8,1.2,0.659,0.9,2.9,3.8,2.7,1.4,0.3,0.9,1.7,6.2,0
107,108,Anthony Davis,C,30,LAL,36,36,36.2,9.7,17.3,0.562,0.4,1.1,0.359,9.3,16.2,0.576,0.573,5.9,7.3,0.809,3.2,9.0,12.2,3.4,1.2,2.6,2.2,2.6,25.7,1
108,109,Johnny Davis,SG,21,WAS,18,0,8.3,1.2,2.7,0.438,0.1,0.2,0.333,1.1,2.5,0.444,0.448,0.2,0.3,0.8,0.5,0.6,1.1,0.3,0.4,0.1,0.3,0.6,2.6,0
109,110,JD Davison,SG,21,BOS,1,0,3.0,0.0,1.0,0.0,0.0,1.0,0.0,0.0,0.0,0.0,0.0,0.0,0.0,0.0,0.0,1.0,1.0,0.0,0.0,0.0,0.0,0.0,0.0,0
110,111,Dexter Dennis,SG,24,DAL,4,0,7.5,2.5,4.8,0.526,0.3,2.0,0.125,2.3,2.8,0.818,0.553,0.3,0.8,0.333,0.3,2.0,2.3,1.0,0.0,0.3,0.8,0.3,5.5,0
111,112,DeMar DeRozan,SF,34,CHI,37,37,36.9,7.6,16.6,0.458,1.0,2.8,0.353,6.6,13.8,0.479,0.488,5.8,6.9,0.847,0.6,3.2,3.8,5.4,1.1,0.7,1.5,2.2,22.0,0
112,113,Moussa Diabaté,C,22,LAC,10,0,5.8,0.9,1.8,0.5,0.0,0.0,0.0,0.9,1.8,0.5,0.5,0.9,1.2,0.75,1.4,0.6,2.0,0.4,0.4,0.0,0.2,0.4,2.7,0
113,114,Mamadi Diakite,PF,27,SAS,1,0,2.0,0.0,0.0,0.0,0.0,0.0,0.0,0.0,0.0,0.0,0.0,1.0,2.0,0.5,0.0,1.0,1.0,0.0,0.0,0.0,0.0,0.0,1.0,0
114,115,Gradey Dick,SG,20,TOR,19,1,12.4,1.1,3.6,0.294,0.6,2.3,0.25,0.5,1.3,0.375,0.375,0.8,0.8,1.0,0.4,0.8,1.2,0.8,0.3,0.0,0.6,1.3,3.5,0
115,116,Ousmane Dieng,PF,20,OKC,18,0,11.2,1.5,3.3,0.458,0.8,2.2,0.35,0.7,1.1,0.684,0.576,0.6,0.7,0.833,0.4,1.2,1.6,0.9,0.1,0.0,0.3,0.7,4.3,0
116,117,Spencer Dinwiddie,PG,30,BRK,35,35,31.4,4.4,11.3,0.39,2.0,6.2,0.318,2.5,5.1,0.478,0.477,2.9,3.8,0.774,0.7,3.2,3.8,6.3,0.8,0.2,1.6,1.7,13.8,0
117,118,Donte DiVincenzo,SG,27,NYK,37,19,21.3,3.7,8.0,0.468,2.5,5.8,0.439,1.2,2.2,0.543,0.627,0.8,1.0,0.763,0.7,2.3,3.1,2.0,1.1,0.3,1.0,1.9,10.8,0
118,119,Luka Don?i?,PG,24,DAL,34,34,36.8,11.4,23.5,0.485,4.0,10.4,0.38,7.4,13.1,0.569,0.569,6.8,8.7,0.778,0.7,7.4,8.1,9.1,1.4,0.6,3.9,1.7,33.6,1
119,120,Luguentz Dort,SF,24,OKC,35,35,28.7,3.7,8.1,0.46,1.8,4.4,0.412,1.9,3.8,0.515,0.57,1.8,2.3,0.81,1.3,2.7,4.0,1.4,0.9,0.8,0.9,3.1,11.1,0
120,121,Ayo Dosunmu,SG,24,CHI,37,6,22.9,3.1,6.8,0.458,1.0,2.9,0.34,2.2,4.0,0.544,0.53,0.8,1.0,0.763,0.7,1.8,2.5,2.0,0.7,0.4,0.8,1.8,8.0,0
121,122,Andre Drummond,C,30,CHI,39,7,16.0,3.1,5.7,0.536,0.0,0.1,0.0,3.1,5.6,0.541,0.536,1.5,2.6,0.559,3.4,5.1,8.5,0.5,1.2,0.6,1.2,1.8,7.6,0
122,123,Chris Duarte,SF,26,SAC,33,10,13.6,1.4,3.7,0.366,0.6,2.0,0.318,0.7,1.7,0.421,0.451,0.5,0.7,0.773,0.4,1.5,1.8,1.0,0.5,0.1,0.6,1.8,3.9,0
123,124,Kris Dunn,PG,29,UTA,31,13,17.3,2.0,4.5,0.453,0.5,1.4,0.372,1.5,3.1,0.49,0.511,0.4,0.5,0.688,0.6,2.3,2.9,4.1,0.9,0.4,1.2,1.7,4.9,0
124,125,Kevin Durant,PF,35,PHO,30,30,37.0,10.4,19.7,0.525,2.1,4.5,0.474,8.2,15.2,0.54,0.579,6.8,7.7,0.875,0.4,6.0,6.4,5.9,0.8,1.1,3.3,1.8,29.6,1
125,126,Jalen Duren,C,20,DET,23,22,29.9,6.1,9.5,0.647,0.0,0.1,0.0,6.1,9.4,0.653,0.647,1.7,2.3,0.704,3.5,7.9,11.4,2.5,0.4,1.0,2.1,3.2,13.9,0
126,127,Tari Eason,PF,22,HOU,22,0,21.8,4.0,8.6,0.466,0.8,2.3,0.36,3.2,6.3,0.504,0.513,1.0,1.5,0.636,2.1,4.9,7.0,1.2,1.4,0.9,0.9,2.3,9.8,0
127,128,Anthony Edwards,SG,22,MIN,34,34,34.8,9.1,19.7,0.46,2.6,6.6,0.388,6.5,13.1,0.496,0.525,5.6,6.6,0.845,0.7,4.6,5.4,4.9,1.3,0.6,3.5,1.9,26.3,1
128,129,Kessler Edwards,SF,23,SAC,27,0,4.9,0.6,1.4,0.421,0.3,0.9,0.375,0.3,0.5,0.5,0.539,0.1,0.1,0.75,0.1,0.6,0.7,0.3,0.1,0.1,0.0,0.3,1.6,0
129,130,Keon Ellis,SG,24,SAC,26,3,12.7,1.3,3.1,0.438,1.0,2.5,0.379,0.4,0.5,0.714,0.594,0.4,0.7,0.647,0.3,1.0,1.3,1.3,0.5,0.5,0.5,1.5,4.1,0
130,131,Joel Embiid,C,29,PHI,27,27,34.1,11.6,21.7,0.535,1.1,3.2,0.36,10.5,18.6,0.565,0.561,10.2,11.6,0.882,2.7,9.1,11.8,6.0,1.1,2.0,3.9,2.9,34.6,1
131,132,Drew Eubanks,C,26,PHO,33,2,16.3,2.3,3.9,0.585,0.1,0.1,1.0,2.2,3.8,0.575,0.596,1.2,1.5,0.76,1.4,2.8,4.3,0.9,0.3,0.9,1.1,1.8,5.8,0
132,133,Dante Exum,PG,28,DAL,30,14,19.5,3.7,6.4,0.575,0.9,2.1,0.452,2.8,4.4,0.634,0.648,1.0,1.3,0.75,0.6,2.3,2.9,2.9,0.6,0.2,0.9,1.6,9.3,0
133,134,Bruno Fernando,C,25,ATL,10,0,7.2,1.3,2.4,0.542,0.0,0.1,0.0,1.3,2.3,0.565,0.542,0.8,1.7,0.471,0.7,1.5,2.2,0.3,0.2,0.5,0.6,1.2,3.4,0
134,135,Dorian Finney-Smith,PF,30,BRK,34,23,28.8,3.6,8.4,0.432,2.3,5.6,0.411,1.3,2.8,0.474,0.57,0.2,0.3,0.8,1.9,2.9,4.9,1.3,0.7,0.5,0.8,2.3,9.9,0
135,136,Malachi Flynn,PG,25,TOT,34,0,14.1,1.6,4.1,0.403,0.8,2.4,0.346,0.8,1.7,0.483,0.504,0.6,0.7,0.792,0.4,1.6,1.9,2.1,0.5,0.2,1.0,1.2,4.7,0
136,137,Simone Fontecchio,SF,28,UTA,37,21,22.5,3.2,7.1,0.449,1.8,4.6,0.39,1.4,2.5,0.56,0.576,0.7,0.9,0.771,0.9,2.3,3.2,1.3,0.6,0.4,1.1,1.7,8.9,0
137,138,Jordan Ford,PG,25,SAC,6,0,3.7,0.7,1.2,0.571,0.3,0.5,0.667,0.3,0.7,0.5,0.714,0.3,0.3,1.0,0.0,0.3,0.3,0.3,0.0,0.0,0.2,0.0,2.0,0
138,139,Trent Forrest,SG,25,ATL,11,0,10.2,0.9,2.3,0.4,0.0,0.3,0.0,0.9,2.0,0.455,0.4,0.5,0.5,1.0,0.4,1.2,1.5,1.7,0.3,0.1,0.5,1.0,2.4,0
139,140,Evan Fournier,SG,31,NYK,2,0,16.5,2.0,8.0,0.25,1.0,6.0,0.167,1.0,2.0,0.5,0.313,1.0,1.0,1.0,0.0,1.5,1.5,1.5,2.0,0.0,0.5,1.0,6.0,0
140,141,De'Aaron Fox,PG,26,SAC,31,31,35.1,10.0,21.1,0.472,3.3,8.3,0.393,6.7,12.8,0.524,0.55,4.7,6.6,0.717,0.9,3.3,4.2,5.8,1.6,0.4,2.6,2.5,27.9,0
141,142,Alex Fudge,SF,20,LAL,4,0,3.5,0.3,1.5,0.167,0.0,0.5,0.0,0.3,1.0,0.25,0.167,0.5,0.5,1.0,0.5,0.0,0.5,0.0,0.0,0.0,0.3,0.3,1.0,0
142,143,Markelle Fultz,PG,25,ORL,7,5,24.4,4.1,9.3,0.446,0.0,0.4,0.0,4.1,8.9,0.468,0.446,0.4,1.1,0.375,1.3,1.9,3.1,3.7,1.0,0.3,1.0,0.9,8.7,0
143,144,Daniel Gafford,C,25,WAS,34,34,26.0,4.2,6.2,0.679,0.0,0.0,0.0,4.2,6.2,0.679,0.679,2.0,2.8,0.726,2.7,5.0,7.7,1.6,0.9,2.1,1.0,3.4,10.5,0
144,145,Danilo Gallinari,PF,35,WAS,26,0,14.8,2.2,5.0,0.435,0.8,2.5,0.313,1.4,2.6,0.552,0.511,1.8,2.2,0.839,0.5,2.5,2.9,1.2,0.2,0.1,0.5,1.0,7.0,0
145,146,Darius Garland,PG,24,CLE,20,20,34.0,7.6,16.1,0.47,1.8,5.2,0.346,5.8,10.9,0.53,0.526,3.8,4.6,0.835,0.6,2.2,2.8,5.9,1.6,0.2,3.8,1.6,20.7,0
146,147,Usman Garuba,PF,21,GSW,2,0,3.0,0.0,0.5,0.0,0.0,0.0,0.0,0.0,0.5,0.0,0.0,0.0,0.0,0.0,0.0,0.0,0.0,0.5,0.5,0.0,0.0,0.5,0.0,0
147,148,Luka Garza,C,25,MIN,7,0,3.1,0.7,2.3,0.313,0.0,0.7,0.0,0.7,1.6,0.455,0.313,0.7,1.1,0.625,0.6,0.6,1.1,0.3,0.0,0.0,0.3,1.0,2.1,0
148,149,Kaiser Gates,SF,27,NOP,1,0,7.0,0.0,4.0,0.0,0.0,2.0,0.0,0.0,2.0,0.0,0.0,0.0,0.0,0.0,0.0,1.0,1.0,0.0,0.0,0.0,0.0,0.0,0.0,0
149,150,Keyonte George,PG,20,UTA,33,16,25.0,3.5,9.4,0.369,1.7,5.2,0.331,1.7,4.2,0.416,0.461,2.2,2.8,0.787,0.4,2.6,3.0,4.5,0.5,0.1,2.1,1.1,10.9,0
150,151,Paul George,PF,33,LAC,35,35,34.6,8.2,17.7,0.464,3.5,8.4,0.414,4.7,9.3,0.509,0.562,3.5,3.8,0.918,0.7,4.9,5.6,3.8,1.6,0.4,2.1,3.0,23.5,1
151,152,Taj Gibson,PF,38,NYK,10,0,9.7,0.7,1.4,0.5,0.0,0.4,0.0,0.7,1.0,0.7,0.5,0.0,0.0,0.0,0.6,1.2,1.8,0.5,0.1,0.6,0.2,2.0,1.4,0
152,153,Josh Giddey,SG,21,OKC,35,35,25.1,4.9,10.8,0.456,1.0,2.7,0.372,3.9,8.1,0.484,0.503,1.1,1.3,0.804,1.4,4.6,6.0,4.5,0.8,0.4,2.4,1.4,11.9,0
153,154,Harry Giles,C,25,BRK,10,0,5.9,1.7,3.3,0.515,0.1,0.7,0.143,1.6,2.6,0.615,0.53,0.6,1.1,0.545,0.8,0.9,1.7,0.2,0.1,0.3,0.2,0.9,4.1,0
154,155,Shai Gilgeous-Alexander,PG,25,OKC,35,35,34.8,11.3,20.5,0.552,1.2,3.5,0.352,10.1,17.0,0.593,0.582,7.6,8.6,0.887,0.8,5.1,5.9,6.4,2.4,0.7,2.0,2.6,31.4,1
155,156,Anthony Gill,PF,31,WAS,23,0,6.3,0.9,1.9,0.488,0.0,0.4,0.1,0.9,1.4,0.606,0.5,0.5,0.7,0.75,0.5,0.9,1.4,0.4,0.1,0.3,0.4,0.5,2.4,0
156,157,Collin Gillespie,PG,24,DEN,13,0,7.3,0.8,1.8,0.435,0.3,1.0,0.308,0.5,0.8,0.6,0.522,0.3,0.4,0.8,0.1,0.3,0.4,0.7,0.4,0.0,0.4,0.8,2.2,0
157,158,Jacob Gilyard,PG,25,MEM,20,8,15.6,1.3,3.1,0.426,1.2,2.6,0.442,0.2,0.5,0.333,0.615,0.1,0.1,1.0,0.3,0.7,1.0,3.0,0.6,0.1,0.7,1.0,3.8,0
158,159,Rudy Gobert,C,31,MIN,36,36,32.5,4.9,7.8,0.626,0.0,0.0,0.0,4.9,7.8,0.629,0.626,3.0,4.8,0.626,3.4,8.6,12.0,1.2,0.8,2.1,1.7,2.8,12.8,0
159,160,Jordan Goodwin,PG,25,PHO,33,0,16.2,2.0,5.5,0.372,0.7,2.4,0.291,1.3,3.1,0.436,0.436,0.7,0.8,0.852,1.2,2.3,3.5,2.2,0.6,0.2,0.8,1.2,5.5,0
160,161,Aaron Gordon,PF,28,DEN,33,33,31.5,5.5,10.2,0.546,0.6,1.9,0.317,4.9,8.2,0.599,0.576,2.1,3.3,0.636,2.8,3.8,6.6,3.2,0.9,0.6,1.3,1.7,13.8,0
161,162,Eric Gordon,SG,35,PHO,31,19,31.2,5.0,10.8,0.463,2.7,6.6,0.405,2.3,4.2,0.554,0.587,0.8,1.1,0.765,0.3,1.8,2.1,2.4,0.9,0.5,1.3,1.4,13.5,0
162,163,Devonte' Graham,PG,28,SAS,7,0,9.7,1.0,2.7,0.368,0.6,1.7,0.333,0.4,1.0,0.429,0.474,0.9,1.1,0.75,0.3,1.1,1.4,2.4,0.3,0.1,0.4,0.4,3.4,0
163,164,Jerami Grant,PF,29,POR,32,32,34.0,7.5,16.2,0.461,2.3,5.6,0.417,5.1,10.6,0.485,0.534,4.5,5.6,0.799,0.6,3.0,3.6,2.5,0.7,0.7,2.3,2.3,21.8,0
164,165,A.J. Green,SG,24,MIL,23,0,7.2,1.1,2.3,0.463,0.9,2.0,0.447,0.2,0.3,0.571,0.657,0.0,0.0,1.0,0.2,0.6,0.7,0.6,0.0,0.0,0.0,0.8,3.1,0
165,166,Danny Green,SG,36,PHI,2,0,9.0,0.0,1.0,0.0,0.0,0.5,0.0,0.0,0.5,0.0,0.0,0.0,0.0,0.0,0.0,1.0,1.0,0.5,0.5,0.0,0.0,0.5,0.0,0
166,167,Draymond Green,PF,33,GSW,15,15,25.1,3.4,6.9,0.49,1.2,2.8,0.429,2.2,4.1,0.532,0.577,1.7,2.0,0.833,1.5,4.1,5.5,5.8,0.4,0.7,2.4,3.0,9.7,0
167,168,Jalen Green,SG,21,HOU,36,36,30.4,5.8,14.3,0.403,2.2,6.4,0.346,3.5,7.9,0.449,0.481,3.6,4.5,0.795,0.4,4.3,4.6,3.3,0.6,0.3,2.2,1.3,17.3,0
168,169,Jeff Green,PF,37,HOU,35,1,16.5,2.2,4.1,0.545,0.4,1.2,0.302,1.9,2.9,0.65,0.591,1.9,2.3,0.815,0.7,1.3,2.0,0.8,0.1,0.5,0.7,1.5,6.7,0
169,170,Josh Green,SG,23,DAL,26,9,24.7,2.5,5.7,0.449,1.0,2.9,0.347,1.5,2.8,0.556,0.537,0.5,0.8,0.636,0.5,2.3,2.8,2.4,0.8,0.2,0.9,1.7,6.6,0
170,171,AJ Griffin,SF,20,ATL,13,0,9.0,0.8,2.8,0.297,0.7,2.2,0.321,0.2,0.7,0.222,0.419,0.2,0.2,1.0,0.2,0.8,0.9,0.3,0.1,0.0,0.5,0.5,2.5,0
171,172,Quentin Grimes,SG,23,NYK,34,18,20.3,2.4,6.1,0.401,1.8,4.6,0.386,0.6,1.4,0.449,0.548,0.3,0.4,0.714,0.3,1.4,1.7,1.1,0.7,0.1,0.5,1.5,7.0,0
172,173,Mouhamed Gueye,PF,21,ATL,2,0,2.0,0.0,0.5,0.0,0.0,0.5,0.0,0.0,0.0,0.0,0.0,0.0,0.0,0.0,0.0,0.0,0.0,0.0,0.5,0.0,0.0,0.5,0.0,0
173,174,Rui Hachimura,PF,25,LAL,25,5,23.5,4.5,9.2,0.485,1.1,3.0,0.368,3.4,6.2,0.542,0.545,1.5,2.0,0.76,0.8,2.8,3.6,1.1,0.7,0.2,0.8,1.4,11.6,0
174,175,Tyrese Haliburton,PG,23,IND,33,33,33.4,8.4,16.9,0.497,3.4,8.4,0.403,5.0,8.5,0.591,0.597,3.4,3.9,0.868,0.6,3.6,4.2,12.5,1.1,0.7,2.5,1.1,23.6,1
175,176,R.J. Hampton,PG,22,MIA,8,2,9.5,0.5,1.8,0.286,0.1,1.0,0.125,0.4,0.8,0.5,0.321,0.1,0.3,0.5,0.3,0.5,0.8,1.0,0.0,0.0,0.4,1.0,1.3,0
176,177,Tim Hardaway Jr.,SF,31,DAL,35,4,28.8,5.9,14.2,0.414,3.1,8.7,0.354,2.8,5.5,0.51,0.523,2.2,2.5,0.865,0.3,3.3,3.6,1.7,0.4,0.0,0.8,1.4,17.1,0
177,178,James Harden,PG,34,LAC,32,32,33.9,5.1,11.1,0.463,2.7,6.4,0.426,2.4,4.7,0.513,0.586,4.3,4.9,0.873,0.3,4.4,4.8,8.4,1.3,0.8,2.7,2.1,17.3,0
178,179,Jaden Hardy,SG,21,DAL,33,4,15.3,2.9,7.5,0.386,1.4,3.8,0.354,1.5,3.7,0.418,0.476,0.7,1.1,0.667,0.3,1.7,2.0,1.6,0.4,0.1,0.8,1.2,7.9,0
179,180,Ron Harper Jr.,PF,23,TOR,1,0,4.0,0.0,0.0,0.0,0.0,0.0,0.0,0.0,0.0,0.0,0.0,0.0,0.0,0.0,0.0,0.0,0.0,1.0,0.0,0.0,0.0,2.0,0.0,0
180,181,Gary Harris,SG,29,ORL,27,6,22.8,2.4,5.7,0.429,1.3,4.0,0.333,1.1,1.7,0.652,0.545,0.9,1.1,0.774,0.5,1.2,1.7,1.9,0.9,0.2,0.5,1.7,7.1,0
181,182,Joe Harris,SG,32,DET,14,0,10.9,0.9,2.6,0.361,0.7,2.1,0.345,0.2,0.5,0.429,0.5,0.1,0.1,0.5,0.2,0.7,0.9,0.6,0.2,0.1,0.2,1.3,2.6,0
182,183,Tobias Harris,PF,31,PHI,35,35,33.9,6.7,13.1,0.51,1.2,3.3,0.359,5.5,9.7,0.562,0.556,2.9,3.2,0.885,1.0,5.2,6.2,3.1,0.9,0.5,1.6,1.7,17.4,0
183,184,Shaquille Harrison,SG,30,MEM,3,0,2.0,0.3,0.7,0.5,0.0,0.0,0.0,0.3,0.7,0.5,0.5,0.0,0.0,0.0,0.0,0.7,0.7,0.0,0.0,0.3,0.0,0.0,0.7,0
184,185,Josh Hart,SF,28,NYK,37,6,28.4,2.9,6.5,0.448,0.9,2.8,0.333,2.0,3.7,0.533,0.519,0.7,0.8,0.806,1.2,5.1,6.3,2.8,0.8,0.2,1.2,1.9,7.4,0
185,186,Isaiah Hartenstein,C,25,NYK,37,11,24.2,2.6,4.3,0.604,0.0,0.1,0.333,2.6,4.2,0.609,0.607,1.4,2.0,0.685,3.2,4.6,7.7,1.8,1.2,1.1,1.1,2.9,6.6,0
186,187,Sam Hauser,SF,26,BOS,36,4,22.1,2.9,6.6,0.449,2.3,5.6,0.416,0.6,0.9,0.647,0.627,0.2,0.3,0.8,0.8,2.8,3.6,1.0,0.4,0.3,0.5,1.5,8.4,0
187,188,Jordan Hawkins,SG,21,NOP,33,9,22.2,3.4,8.8,0.39,2.1,5.6,0.371,1.3,3.2,0.423,0.509,1.4,1.7,0.855,0.5,2.3,2.8,1.4,0.3,0.1,0.7,1.5,10.4,0
188,189,Jaxson Hayes,C,23,LAL,31,1,10.2,1.2,1.9,0.655,0.0,0.1,0.0,1.2,1.7,0.704,0.655,0.5,0.9,0.536,0.5,1.4,1.8,0.3,0.2,0.3,0.5,1.7,2.9,0
189,190,Killian Hayes,PG,22,DET,33,23,24.7,3.0,7.6,0.4,0.6,2.0,0.292,2.5,5.6,0.438,0.438,0.9,1.4,0.674,0.3,2.6,2.9,4.6,1.0,0.5,1.3,1.8,7.6,0
190,191,Gordon Hayward,SF,33,CHO,25,25,31.9,5.6,11.9,0.468,0.9,2.4,0.361,4.7,9.4,0.496,0.505,2.5,3.2,0.765,1.0,3.7,4.7,4.6,1.1,0.5,2.0,1.8,14.5,0
191,192,Scoot Henderson,PG,19,POR,27,12,27.8,4.5,12.1,0.371,1.2,4.0,0.308,3.3,8.1,0.402,0.422,2.0,2.6,0.768,0.9,2.1,2.9,5.0,0.6,0.3,3.2,3.4,12.1,0
192,193,Taylor Hendricks,PF,20,UTA,12,0,14.8,1.8,4.7,0.375,0.8,2.8,0.303,0.9,1.9,0.478,0.464,0.5,0.7,0.75,0.9,1.4,2.3,0.4,0.7,0.6,0.8,0.9,4.8,0
193,194,Tyler Herro,SG,24,MIA,19,19,34.3,8.3,19.1,0.435,3.2,7.8,0.412,5.1,11.3,0.451,0.519,2.6,3.0,0.86,0.6,4.7,5.3,4.5,1.3,0.1,2.4,1.5,22.4,0
194,195,Buddy Hield,SF,31,IND,37,17,25.6,4.6,10.6,0.431,2.8,7.4,0.375,1.8,3.2,0.558,0.561,0.6,0.7,0.84,0.7,2.5,3.2,2.5,0.8,0.6,1.4,2.0,12.5,0
195,196,Haywood Highsmith,PF,27,MIA,23,16,21.5,2.3,5.5,0.421,1.2,3.3,0.364,1.1,2.1,0.51,0.532,0.6,0.8,0.778,0.9,2.1,3.0,1.4,1.0,0.6,0.8,2.1,6.4,0
196,197,Nate Hinton,SG,24,HOU,5,0,5.2,0.8,1.8,0.444,0.8,1.0,0.8,0.0,0.8,0.0,0.667,0.0,0.0,0.0,0.4,0.6,1.0,0.2,0.0,0.0,0.2,1.0,2.4,0
197,198,D'Moi Hodge,SG,25,LAL,7,0,5.9,0.7,2.1,0.333,0.4,1.7,0.25,0.3,0.4,0.667,0.433,0.1,0.3,0.5,0.0,0.0,0.0,0.7,0.1,0.1,0.1,0.6,2.0,0
198,199,Aaron Holiday,PG,27,HOU,34,1,18.0,2.5,5.7,0.436,1.3,3.1,0.411,1.2,2.6,0.466,0.549,0.6,0.7,0.917,0.3,1.7,2.0,1.7,0.5,0.1,0.8,1.6,6.9,0
199,200,Jrue Holiday,PG,33,BOS,34,34,34.5,5.0,10.9,0.457,1.9,4.7,0.406,3.1,6.2,0.495,0.544,1.1,1.4,0.792,1.6,4.9,6.4,4.7,0.9,0.8,2.0,1.7,13.0,0
200,201,Justin Holiday,SG,34,DEN,22,6,14.6,1.5,3.0,0.493,1.0,2.1,0.447,0.5,0.9,0.6,0.649,0.0,0.0,0.0,0.2,1.1,1.3,1.1,0.6,0.0,0.2,1.3,4.0,0
201,202,Richaun Holmes,C,30,DAL,17,1,10.1,1.4,2.7,0.5,0.0,0.0,0.0,1.4,2.7,0.5,0.5,0.5,1.1,0.5,1.5,2.1,3.6,0.5,0.1,0.4,0.6,1.3,3.2,0
202,203,Chet Holmgren,C,21,OKC,36,36,30.1,6.7,12.1,0.555,1.7,4.3,0.403,5.0,7.8,0.639,0.627,2.8,3.5,0.81,1.5,5.9,7.4,2.7,0.6,2.6,1.8,2.7,17.9,0
203,204,Jalen Hood-Schifino,SG,20,LAL,8,0,8.6,0.8,3.5,0.214,0.1,1.1,0.111,0.6,2.4,0.263,0.232,0.6,1.3,0.5,0.3,0.8,1.0,0.6,0.3,0.1,0.6,1.1,2.3,0
204,205,Al Horford,C,37,BOS,31,14,27.1,2.9,6.0,0.487,1.5,3.9,0.397,1.4,2.1,0.652,0.615,0.3,0.4,0.833,1.4,5.5,6.9,3.0,0.5,1.1,0.9,1.6,7.7,0
205,206,Talen Horton-Tucker,PG,23,UTA,30,11,22.0,4.1,10.0,0.411,1.2,3.7,0.333,2.9,6.3,0.457,0.473,1.6,2.0,0.787,0.4,2.1,2.5,4.2,1.1,0.4,1.7,2.1,11.0,0
206,207,Danuel House Jr.,SF,30,PHI,22,0,12.4,1.1,2.7,0.417,0.5,1.5,0.344,0.6,1.3,0.5,0.508,0.6,0.9,0.737,0.4,1.0,1.3,0.8,0.3,0.0,0.6,0.8,3.4,0
207,208,Caleb Houstan,SF,21,ORL,28,2,14.7,1.6,3.8,0.415,1.4,3.5,0.388,0.2,0.3,0.75,0.594,0.5,0.6,0.813,0.5,1.3,1.8,0.6,0.3,0.0,0.3,1.1,5.0,0
208,209,Jett Howard,SF,20,ORL,9,0,4.0,0.6,1.8,0.313,0.3,1.3,0.25,0.2,0.4,0.5,0.406,0.1,0.2,0.5,0.1,0.3,0.4,0.3,0.0,0.0,0.2,0.1,1.6,0
209,210,Kevin Huerter,SG,25,SAC,36,31,22.9,3.6,8.6,0.416,1.7,5.1,0.33,1.9,3.4,0.545,0.515,0.7,0.9,0.806,0.5,3.0,3.6,2.5,0.6,0.3,0.6,2.0,9.5,0
210,211,Jay Huff,C,25,DEN,4,0,2.5,0.5,1.0,0.5,0.0,0.5,0.0,0.5,0.5,1.0,0.5,0.0,0.0,0.0,0.0,0.0,0.0,0.3,0.0,0.0,0.3,0.5,1.0,0
211,212,De'Andre Hunter,SF,26,ATL,24,24,30.3,5.1,11.0,0.46,1.9,4.8,0.404,3.2,6.3,0.503,0.547,2.8,3.1,0.907,0.6,3.5,4.1,1.4,0.8,0.4,1.5,3.0,14.9,0
212,213,Bones Hyland,PG,23,LAC,16,2,14.6,2.6,6.7,0.393,1.3,3.4,0.364,1.4,3.3,0.423,0.486,0.6,0.8,0.833,0.1,0.8,0.9,1.8,0.5,0.1,1.3,1.4,7.1,0
213,214,Joe Ingles,SF,36,ORL,24,0,18.2,1.6,3.9,0.404,1.0,2.5,0.407,0.6,1.5,0.4,0.532,0.7,0.8,0.895,0.5,2.3,2.8,3.4,0.8,0.1,0.8,1.5,4.9,0
214,215,Brandon Ingram,SF,26,NOP,35,35,33.1,8.3,16.5,0.5,1.3,3.8,0.353,6.9,12.7,0.544,0.541,4.2,5.1,0.82,0.6,4.0,4.6,5.4,0.8,0.5,2.5,2.2,22.0,0
215,216,Kyrie Irving,SG,31,DAL,22,22,32.3,9.0,18.8,0.477,2.7,6.6,0.414,6.2,12.2,0.511,0.55,3.3,3.7,0.889,1.0,4.0,5.0,5.0,1.4,0.5,1.5,1.8,23.9,0
216,217,Jonathan Isaac,PF,26,ORL,21,0,13.6,2.3,5.0,0.453,0.6,2.2,0.277,1.7,2.8,0.593,0.514,1.2,1.5,0.781,1.1,3.0,4.1,0.3,0.9,1.2,0.6,1.3,6.4,0
217,218,Jaden Ivey,SG,21,DET,34,18,25.8,4.6,10.1,0.451,1.2,3.8,0.308,3.4,6.3,0.537,0.509,3.0,4.0,0.752,1.3,2.3,3.6,3.3,0.8,0.6,2.2,2.8,13.3,0
218,219,Andre Jackson Jr.,SG,22,MIL,31,6,10.3,1.0,1.9,0.517,0.4,1.0,0.419,0.5,0.9,0.63,0.629,0.2,0.2,0.857,0.7,1.0,1.7,0.9,0.3,0.1,0.5,1.7,2.5,0
219,220,Gregory Jackson II,PF,19,MEM,5,0,4.2,0.6,2.4,0.25,0.4,1.2,0.333,0.2,1.2,0.167,0.333,0.0,0.0,0.0,0.2,0.4,0.6,0.0,0.2,0.2,0.2,0.4,1.6,0
220,221,Isaiah Jackson,C,22,IND,29,1,13.9,2.8,4.1,0.681,0.0,0.1,0.0,2.8,4.0,0.692,0.681,1.4,2.1,0.7,1.5,2.7,4.2,0.9,0.6,1.3,0.7,2.8,7.0,0
221,222,Jaren Jackson Jr.,C,24,MEM,36,36,31.6,7.3,15.7,0.461,1.8,5.1,0.352,5.5,10.7,0.513,0.518,5.0,6.0,0.837,1.3,4.4,5.8,1.7,0.8,1.8,2.0,3.6,21.3,0
222,223,Reggie Jackson,PG,33,DEN,39,14,23.3,4.7,10.2,0.465,1.4,3.8,0.378,3.3,6.4,0.516,0.535,0.9,1.3,0.74,0.4,1.7,2.1,4.4,0.6,0.2,1.4,2.0,11.9,0
223,224,Trayce Jackson-Davis,PF,23,GSW,27,3,14.4,2.9,4.2,0.69,0.0,0.0,0.0,2.9,4.2,0.69,0.69,1.1,1.7,0.63,1.8,2.6,4.4,1.0,0.3,0.8,0.8,1.7,6.9,0
224,225,LeBron James,PF,39,LAL,35,35,34.6,9.4,17.8,0.526,2.2,5.5,0.397,7.2,12.3,0.584,0.587,4.2,5.7,0.737,0.9,6.3,7.2,7.5,1.5,0.7,3.3,1.1,25.1,0
225,226,Jaime Jaquez Jr.,SF,22,MIA,37,13,30.5,5.3,10.4,0.51,1.1,3.1,0.36,4.2,7.4,0.574,0.563,2.1,2.5,0.83,1.2,2.6,3.8,2.7,1.1,0.3,1.7,2.5,13.9,0
226,227,DaQuan Jeffries,SG,26,NYK,10,0,3.0,0.5,1.2,0.417,0.1,0.5,0.2,0.4,0.7,0.571,0.458,0.0,0.2,0.0,0.0,0.5,0.5,0.2,0.0,0.0,0.1,0.2,1.1,0
227,228,Ty Jerome,SG,26,CLE,2,0,7.5,1.0,2.0,0.5,0.0,0.5,0.0,1.0,1.5,0.667,0.5,0.0,0.0,0.0,0.5,0.0,0.5,1.5,0.0,0.0,0.5,1.0,2.0,0
228,229,Isaiah Joe,SG,24,OKC,36,0,19.7,3.2,6.9,0.456,2.3,5.3,0.426,0.9,1.7,0.55,0.618,0.8,0.9,0.824,0.3,2.0,2.3,1.1,0.6,0.3,0.6,1.2,9.4,0
229,230,Cameron Johnson,PF,27,BRK,29,29,29.2,5.4,11.7,0.466,2.7,6.4,0.416,2.8,5.3,0.526,0.58,1.3,1.8,0.745,1.2,3.7,4.9,2.5,0.8,0.2,0.9,1.9,14.9,0
230,231,Jalen Johnson,SF,22,ATL,22,19,31.3,6.1,10.4,0.585,1.2,3.0,0.4,4.9,7.5,0.659,0.642,2.0,2.5,0.818,1.4,7.2,8.5,3.0,1.1,0.9,1.9,2.4,15.4,0
231,232,James Johnson,PF,36,IND,4,0,6.0,0.5,1.3,0.4,0.0,0.3,0.0,0.5,1.0,0.5,0.4,0.0,0.0,0.0,0.3,0.8,1.0,1.3,1.0,0.0,0.5,1.0,1.0,0
232,233,Keldon Johnson,SF,24,SAS,34,26,32.2,6.3,13.9,0.455,1.9,5.5,0.346,4.4,8.4,0.526,0.523,3.0,3.8,0.777,1.4,4.8,6.1,3.8,0.9,0.2,1.6,2.5,17.5,0
233,234,Keon Johnson,SG,21,BRK,1,0,21.0,3.0,8.0,0.375,2.0,4.0,0.5,1.0,4.0,0.25,0.5,4.0,4.0,1.0,0.0,1.0,1.0,1.0,1.0,1.0,1.0,1.0,12.0,0
234,235,Keyontae Johnson,SF,23,OKC,1,0,6.0,0.0,1.0,0.0,0.0,0.0,0.0,0.0,1.0,0.0,0.0,0.0,0.0,0.0,0.0,0.0,0.0,0.0,0.0,0.0,0.0,0.0,0.0,0
235,236,Nikola Joki?,C,28,DEN,38,38,33.3,9.8,17.2,0.574,1.1,3.0,0.348,8.8,14.1,0.622,0.604,4.8,5.8,0.819,2.8,9.0,11.8,9.2,1.2,0.9,2.8,2.6,25.5,1
236,237,Colby Jones,SG,21,SAC,14,0,7.3,1.1,2.7,0.421,0.1,0.9,0.083,1.1,1.9,0.577,0.434,0.1,0.2,0.667,0.6,0.7,1.3,0.4,0.2,0.1,0.3,0.9,2.5,0
237,238,Damian Jones,C,28,CLE,15,0,5.4,0.7,1.1,0.588,0.1,0.2,0.333,0.6,0.9,0.643,0.618,0.1,0.2,0.667,0.3,0.8,1.1,0.3,0.1,0.2,0.3,0.6,1.5,0
238,239,Derrick Jones Jr.,SF,26,DAL,37,36,25.7,3.8,7.8,0.479,1.4,4.1,0.344,2.4,3.8,0.626,0.569,1.4,1.8,0.75,1.3,2.5,3.8,1.0,0.9,0.9,0.9,1.8,10.3,0
239,240,Herbert Jones,SF,25,NOP,35,35,29.3,3.7,7.9,0.475,1.3,3.4,0.367,2.5,4.5,0.558,0.554,2.0,2.3,0.873,1.2,2.6,3.8,2.5,1.3,1.0,1.3,2.9,10.7,0
240,241,Tre Jones,PG,24,SAS,32,3,24.3,3.5,7.3,0.483,0.5,2.1,0.239,3.0,5.2,0.582,0.517,1.2,1.4,0.864,0.7,2.2,2.9,4.9,0.8,0.2,1.5,1.3,8.7,0
241,242,Tyus Jones,PG,27,WAS,37,37,27.9,5.3,10.0,0.526,1.6,3.7,0.431,3.7,6.3,0.581,0.605,0.5,0.7,0.731,0.3,2.5,2.8,5.5,1.2,0.3,0.9,0.7,12.6,0
242,243,DeAndre Jordan,C,35,DEN,16,1,13.3,2.0,3.3,0.615,0.0,0.0,0.0,2.0,3.3,0.615,0.615,1.1,2.5,0.425,1.9,3.4,5.4,1.0,0.3,0.6,0.9,1.8,5.1,0
243,244,Cory Joseph,PG,32,GSW,18,0,10.4,0.6,2.3,0.262,0.3,1.5,0.185,0.3,0.8,0.4,0.321,0.2,0.4,0.571,0.2,0.6,0.8,1.7,0.2,0.1,0.6,0.9,1.7,0
244,245,Nikola Jovi?,PF,20,MIA,11,6,17.0,2.3,4.7,0.481,1.3,2.7,0.467,1.0,2.0,0.5,0.615,0.8,1.4,0.6,0.8,4.0,4.8,2.4,0.5,0.4,0.8,2.5,6.6,0
245,246,Johnny Juzang,SG,22,UTA,1,0,4.0,0.0,2.0,0.0,0.0,2.0,0.0,0.0,0.0,0.0,0.0,0.0,0.0,0.0,0.0,0.0,0.0,1.0,0.0,0.0,0.0,0.0,0.0,0
246,247,Luke Kennard,SG,27,MEM,14,2,21.2,2.8,6.8,0.411,2.2,5.4,0.413,0.6,1.4,0.4,0.574,0.8,0.8,1.0,0.4,2.6,3.1,2.3,0.5,0.1,0.6,0.9,8.6,0
247,248,Walker Kessler,C,22,UTA,31,13,24.1,4.0,6.3,0.639,0.1,0.5,0.25,3.9,5.7,0.674,0.649,0.7,1.3,0.538,2.7,5.1,7.7,0.7,0.5,2.6,1.1,2.1,8.8,0
248,249,Braxton Key,SF,26,DEN,12,0,3.7,0.4,1.2,0.357,0.1,0.3,0.25,0.3,0.8,0.4,0.393,0.3,0.4,0.8,0.2,0.7,0.8,0.7,0.2,0.0,0.0,0.3,1.3,0
249,250,Corey Kispert,SF,24,WAS,36,1,22.2,4.1,8.6,0.484,2.0,5.4,0.371,2.1,3.2,0.675,0.601,1.4,1.9,0.735,0.4,1.7,2.1,1.5,0.3,0.2,1.0,1.6,11.7,0
250,251,Maxi Kleber,C,32,DAL,5,1,18.0,0.8,3.2,0.25,0.6,1.8,0.333,0.2,1.4,0.143,0.344,1.2,2.0,0.6,0.8,3.4,4.2,2.0,0.2,0.2,0.8,1.6,3.4,0
251,252,Kevin Knox,SF,24,DET,20,5,17.9,3.2,6.7,0.481,1.3,3.5,0.357,2.0,3.2,0.619,0.575,0.6,0.7,0.857,0.7,1.7,2.3,0.7,0.5,0.3,0.7,1.6,8.3,0
252,253,John Konchar,SF,27,MEM,29,2,16.3,1.1,3.1,0.367,0.6,2.0,0.31,0.5,1.1,0.469,0.467,0.3,0.4,0.818,1.0,2.9,3.9,1.3,0.7,0.7,0.4,0.9,3.2,0
253,254,Furkan Korkmaz,SG,26,PHI,21,0,6.7,0.7,1.8,0.378,0.2,0.9,0.263,0.4,0.9,0.5,0.446,0.3,0.4,0.778,0.0,0.4,0.5,0.5,0.5,0.0,0.3,0.4,1.9,0
254,255,Luke Kornet,C,28,BOS,24,1,14.2,2.2,3.2,0.684,0.0,0.0,0.0,2.2,3.2,0.684,0.684,0.9,1.0,0.875,1.9,1.8,3.7,0.8,0.5,1.0,0.4,1.2,5.2,0
255,256,Jonathan Kuminga,PF,21,GSW,36,15,22.8,4.7,9.4,0.503,0.7,2.5,0.27,4.1,6.9,0.586,0.538,2.6,3.8,0.699,1.2,2.9,4.1,1.6,0.6,0.3,1.5,2.1,12.8,0
256,257,Kyle Kuzma,PF,28,WAS,37,37,31.1,8.7,18.9,0.459,2.4,6.8,0.344,6.3,12.1,0.523,0.521,2.5,3.3,0.777,1.0,5.2,6.2,4.2,0.4,0.5,2.7,2.1,22.2,0
257,258,Jock Landale,C,28,HOU,21,0,8.7,0.7,2.0,0.349,0.1,0.7,0.143,0.6,1.4,0.448,0.372,0.4,0.5,0.8,0.9,0.9,1.8,0.5,0.2,0.3,0.4,1.0,1.9,0
258,259,Jake LaRavia,PF,22,MEM,9,0,11.2,1.2,3.7,0.333,0.3,2.2,0.15,0.9,1.4,0.615,0.379,0.1,0.2,0.5,0.6,0.8,1.3,0.6,0.1,0.0,0.4,1.7,2.9,0
259,260,Zach LaVine,SG,28,CHI,21,19,35.3,7.0,15.8,0.446,2.4,7.0,0.34,4.7,8.8,0.53,0.521,3.9,4.5,0.853,0.4,4.8,5.2,3.7,1.0,0.3,2.1,2.1,20.3,0
260,261,A.J. Lawson,SG,23,DAL,16,0,10.3,1.8,3.7,0.475,0.6,1.9,0.333,1.1,1.8,0.621,0.559,0.6,0.9,0.714,0.5,0.9,1.4,0.6,0.6,0.1,0.5,0.8,4.8,0
261,262,Saben Lee,PG,24,PHO,10,0,6.9,0.8,1.9,0.421,0.0,0.4,0.0,0.8,1.5,0.533,0.421,1.3,1.7,0.765,0.5,0.5,1.0,1.1,0.3,0.3,0.4,0.6,2.9,0
262,263,Alex Len,C,30,SAC,13,0,9.0,1.2,1.8,0.652,0.0,0.1,0.0,1.2,1.7,0.682,0.652,0.3,0.8,0.4,1.4,2.2,3.6,1.3,0.2,0.6,0.5,0.8,2.6,0
263,264,Kawhi Leonard,SF,32,LAC,33,33,34.6,8.9,17.2,0.518,2.3,5.3,0.432,6.6,11.9,0.556,0.585,3.9,4.4,0.877,1.1,4.9,6.0,3.5,1.7,0.8,1.6,1.5,24.0,1
264,265,Caris LeVert,SG,29,CLE,28,1,28.8,5.9,13.7,0.433,1.9,5.5,0.348,4.0,8.1,0.491,0.504,2.4,3.2,0.756,0.5,3.0,3.5,4.1,1.1,0.4,1.5,1.6,16.2,0
265,266,Kira Lewis Jr.,PG,22,NOP,14,0,9.7,1.1,3.6,0.32,0.1,1.4,0.105,1.0,2.2,0.452,0.34,0.6,0.6,0.889,0.3,0.6,0.9,1.3,0.4,0.1,0.5,0.6,3.0,0
266,267,Maxwell Lewis,SF,21,LAL,12,0,4.4,0.1,0.8,0.111,0.1,0.3,0.333,0.0,0.5,0.0,0.167,0.0,0.0,0.0,0.1,0.2,0.3,0.3,0.2,0.0,0.4,0.2,0.3,0
267,268,E.J. Liddell,PF,23,NOP,5,0,3.0,0.2,1.0,0.2,0.0,0.8,0.0,0.2,0.2,1.0,0.2,0.4,0.4,1.0,0.0,0.4,0.4,0.0,0.0,0.4,0.4,0.4,0.8,0
268,269,Damian Lillard,PG,33,MIL,34,34,35.4,7.4,17.2,0.428,3.0,8.6,0.352,4.3,8.6,0.505,0.516,7.4,8.1,0.916,0.6,3.7,4.3,6.9,1.1,0.2,2.6,1.7,25.1,1
269,270,Nassir Little,SF,23,PHO,23,2,15.6,1.9,4.0,0.484,0.7,2.2,0.32,1.2,1.8,0.683,0.571,0.7,0.8,0.842,0.6,2.0,2.6,0.7,0.4,0.3,0.5,1.3,5.2,0
270,271,Dereck Lively II,C,19,DAL,29,28,25.2,4.0,5.5,0.723,0.0,0.1,0.0,4.0,5.4,0.732,0.723,0.8,1.4,0.548,2.7,4.9,7.6,1.3,0.6,1.4,1.1,3.0,8.7,0
271,272,Isaiah Livers,PF,25,DET,22,6,20.6,1.8,5.1,0.348,1.0,3.3,0.288,0.8,1.8,0.462,0.442,0.5,0.8,0.667,0.7,1.5,2.2,1.1,0.6,0.1,0.7,1.8,5.0,0
272,273,Chris Livingston,SF,20,MIL,9,0,4.4,0.7,1.1,0.6,0.1,0.1,1.0,0.6,1.0,0.556,0.65,0.2,0.2,1.0,0.2,0.8,1.0,0.3,0.2,0.0,0.2,0.3,1.7,0
273,274,Kenneth Lofton Jr.,PF,21,TOT,16,0,6.4,0.9,2.4,0.359,0.2,0.6,0.3,0.7,1.8,0.379,0.397,0.5,0.9,0.533,0.1,0.9,1.1,0.9,0.2,0.2,0.5,0.9,2.4,0
274,275,Kevon Looney,C,27,GSW,37,31,20.4,2.2,3.7,0.601,0.0,0.0,0.0,2.2,3.7,0.601,0.601,1.0,1.4,0.712,2.6,4.6,7.2,2.4,0.5,0.3,0.8,2.6,5.5,0
275,276,Brook Lopez,C,35,MIL,37,37,31.3,4.7,10.0,0.474,1.6,5.1,0.326,3.1,4.9,0.626,0.557,1.5,1.9,0.814,1.5,3.6,5.1,1.4,0.6,2.9,0.9,2.8,12.6,0
276,277,Robin Lopez,C,35,MIL,10,0,2.5,0.2,0.5,0.4,0.2,0.4,0.5,0.0,0.1,0.0,0.6,0.2,0.2,1.0,0.0,0.2,0.2,0.2,0.0,0.1,0.1,0.3,0.8,0
277,278,Kevin Love,PF,35,MIA,30,5,19.2,3.2,7.1,0.455,1.7,4.8,0.352,1.5,2.3,0.676,0.575,2.1,2.7,0.79,1.1,5.7,6.8,2.6,0.4,0.2,0.7,1.8,10.3,0
278,279,Kyle Lowry,PG,37,MIA,32,32,28.4,3.1,6.6,0.462,1.9,4.5,0.434,1.1,2.2,0.522,0.608,1.1,1.3,0.833,0.7,2.9,3.6,4.0,1.1,0.4,1.5,2.6,9.2,0
279,280,Seth Lundy,SF,23,ATL,5,0,7.4,0.6,2.4,0.25,0.4,2.0,0.2,0.2,0.4,0.5,0.333,0.0,0.0,0.0,0.2,0.4,0.6,0.0,0.0,0.0,0.2,1.0,1.6,0
280,281,Trey Lyles,PF,28,SAC,23,0,20.2,2.5,5.3,0.475,1.6,3.9,0.411,0.9,1.4,0.656,0.627,0.9,1.4,0.625,0.9,4.1,5.0,1.4,0.1,0.3,0.7,1.7,7.5,0
281,282,Théo Maledon,PG,22,CHO,13,1,15.4,1.5,5.1,0.288,0.4,2.3,0.167,1.1,2.8,0.389,0.326,0.8,0.9,0.917,0.3,1.5,1.8,2.2,0.5,0.0,1.2,1.4,4.2,0
282,283,Sandro Mamukelashvili,C,24,SAS,20,0,6.9,0.9,2.3,0.4,0.4,1.3,0.269,0.6,1.0,0.579,0.478,0.5,0.6,0.833,0.6,1.3,1.9,1.2,0.2,0.3,0.4,0.7,2.7,0
283,284,Terance Mann,SG,27,LAC,31,27,25.3,2.8,6.4,0.432,0.9,3.2,0.286,1.9,3.3,0.574,0.503,0.8,1.1,0.743,1.1,2.1,3.2,1.9,0.7,0.3,0.6,1.8,7.3,0
284,285,Tre Mann,PG,22,OKC,12,0,8.5,1.3,2.9,0.457,0.4,1.3,0.333,0.9,1.7,0.55,0.529,0.1,0.1,1.0,0.3,1.2,1.4,1.3,0.3,0.0,0.7,0.3,3.2,0
285,286,Boban Marjanovi?,C,35,HOU,5,0,6.0,1.2,2.8,0.429,0.0,0.4,0.0,1.2,2.4,0.5,0.429,0.0,0.2,0.0,0.8,1.6,2.4,0.8,0.0,0.2,0.0,0.6,2.4,0
286,287,Lauri Markkanen,PF,26,UTA,29,29,32.6,8.0,16.3,0.488,3.2,8.3,0.386,4.8,8.0,0.595,0.587,4.5,5.2,0.867,2.4,6.3,8.8,1.7,0.9,0.7,1.1,2.0,23.6,0
287,288,Naji Marshall,SF,26,NOP,29,0,18.9,2.8,6.0,0.463,1.0,2.5,0.389,1.8,3.6,0.515,0.543,1.6,1.9,0.818,1.1,2.7,3.9,2.2,0.7,0.2,1.1,1.4,8.1,0
288,289,Caleb Martin,SF,28,MIA,20,10,26.5,4.3,9.6,0.443,1.3,3.3,0.379,3.0,6.3,0.476,0.508,1.3,1.9,0.676,1.3,3.8,5.1,2.3,0.8,0.3,1.4,2.3,11.0,0
289,290,Cody Martin,SF,28,CHO,7,2,25.9,3.1,8.1,0.386,1.1,3.4,0.333,2.0,4.7,0.424,0.456,0.6,1.4,0.4,1.1,1.7,2.9,2.1,1.7,0.6,0.9,1.6,8.0,0
290,291,KJ Martin,SF,23,TOT,24,0,6.9,0.8,1.7,0.463,0.0,0.3,0.125,0.8,1.4,0.545,0.476,0.2,0.4,0.5,0.3,0.5,0.8,0.5,0.4,0.0,0.3,1.0,1.8,0
291,292,Garrison Mathews,SG,27,ATL,23,3,11.7,1.0,2.1,0.458,0.9,2.0,0.457,0.0,0.1,0.5,0.677,0.0,0.1,0.0,0.2,0.9,1.1,0.4,0.3,0.1,0.3,1.6,2.8,0
292,293,Bennedict Mathurin,SF,21,IND,37,12,25.6,5.1,11.0,0.466,1.4,3.6,0.383,3.8,7.4,0.505,0.528,3.1,3.6,0.837,1.1,2.8,3.9,1.9,0.6,0.2,1.5,2.0,14.7,0
293,294,Wesley Matthews,SG,37,ATL,19,1,11.2,0.5,2.1,0.256,0.3,1.6,0.2,0.2,0.5,0.444,0.333,0.7,1.0,0.737,0.2,1.2,1.4,0.6,0.5,0.2,0.3,1.4,2.1,0
294,295,Tyrese Maxey,PG,23,PHI,35,35,37.4,9.0,19.9,0.453,3.1,8.3,0.374,5.9,11.7,0.51,0.531,5.1,5.8,0.868,0.6,3.2,3.7,6.7,0.9,0.5,1.6,2.1,26.2,1
295,296,Skylar Mays,PG,26,POR,21,5,17.0,2.5,6.6,0.384,0.7,2.3,0.286,1.9,4.2,0.438,0.435,0.6,0.8,0.765,0.4,1.3,1.8,3.6,0.7,0.1,0.9,1.0,6.3,0
296,297,Miles McBride,PG,23,NYK,24,0,7.0,1.2,2.6,0.452,0.8,1.5,0.486,0.4,1.0,0.4,0.597,0.2,0.2,0.8,0.1,0.3,0.4,0.8,0.3,0.0,0.1,0.8,3.3,0
297,298,CJ McCollum,PG,32,NOP,25,25,32.4,7.0,15.1,0.466,3.5,7.9,0.447,3.5,7.2,0.486,0.582,2.1,2.7,0.791,0.6,3.6,4.2,5.0,1.3,0.8,1.6,2.0,19.7,0
298,299,T.J. McConnell,PG,31,IND,29,1,15.9,3.5,6.4,0.545,0.0,0.5,0.071,3.5,6.0,0.584,0.548,0.9,1.2,0.743,0.6,2.1,2.7,5.1,1.0,0.1,1.2,1.0,8.0,0
299,300,Jaden McDaniels,SF,23,MIN,27,26,27.9,4.3,8.5,0.509,1.1,3.2,0.349,3.2,5.3,0.604,0.574,0.6,0.9,0.739,0.6,1.9,2.4,1.2,0.8,0.6,1.0,3.4,10.4,0
300,301,Jalen McDaniels,SF,26,TOR,23,0,9.5,1.0,3.2,0.311,0.3,1.7,0.184,0.7,1.6,0.444,0.358,0.3,0.3,0.875,0.2,1.0,1.2,0.6,0.3,0.1,0.3,1.1,2.6,0
301,302,Doug McDermott,SF,32,SAS,32,0,15.9,2.1,4.6,0.453,1.7,3.7,0.458,0.4,0.9,0.433,0.635,0.3,0.4,0.667,0.1,0.9,1.0,1.3,0.3,0.1,0.5,1.1,6.1,0
302,303,JaVale McGee,C,36,SAC,31,0,8.2,1.9,3.0,0.652,0.0,0.0,0.0,1.9,2.9,0.659,0.652,0.7,1.2,0.611,1.0,1.9,2.9,0.5,0.2,0.5,1.0,1.2,4.6,0
303,304,Bryce McGowens,SG,21,CHO,30,10,17.8,1.8,4.2,0.424,0.8,2.1,0.381,1.0,2.1,0.468,0.52,0.9,1.2,0.722,0.4,1.5,1.9,1.0,0.3,0.1,0.5,1.6,5.2,0
304,305,Jordan McLaughlin,PG,27,MIN,17,0,8.1,0.9,2.2,0.405,0.5,1.3,0.364,0.4,0.9,0.467,0.514,0.2,0.2,0.75,0.2,0.6,0.8,1.6,0.7,0.2,0.1,0.3,2.4,0
305,306,De'Anthony Melton,SG,25,PHI,32,32,29.2,4.0,10.0,0.398,2.1,5.8,0.368,1.8,4.2,0.44,0.505,1.9,2.3,0.827,0.8,3.2,4.0,3.2,1.7,0.5,1.2,2.4,12.0,0
306,307,Nathan Mensah,C,25,CHO,11,0,13.6,0.6,1.3,0.5,0.0,0.0,0.0,0.6,1.3,0.5,0.5,0.6,0.9,0.7,1.0,2.2,3.2,0.2,0.4,0.6,0.6,2.5,1.9,0
307,308,Sam Merrill,SG,27,CLE,21,0,13.6,2.4,5.8,0.418,2.1,4.9,0.437,0.3,0.9,0.316,0.602,0.3,0.3,0.857,0.3,1.3,1.6,1.3,0.2,0.0,0.3,1.1,7.3,0
308,309,Chimezie Metu,C,26,PHO,27,5,13.3,2.1,4.1,0.509,0.5,1.8,0.292,1.6,2.4,0.672,0.571,1.1,1.2,0.879,0.7,2.3,3.1,0.5,0.6,0.2,0.8,1.1,5.8,0
309,310,Vasilije Mici?,PG,30,OKC,16,0,12.6,1.2,3.3,0.358,0.4,1.9,0.2,0.8,1.4,0.565,0.415,0.3,0.4,0.667,0.1,0.6,0.7,3.1,0.4,0.2,0.8,1.1,3.0,0
310,311,Khris Middleton,SF,32,MIL,32,32,25.4,5.6,11.5,0.49,1.7,4.4,0.38,3.9,7.0,0.56,0.564,1.8,2.1,0.836,0.6,3.8,4.4,4.9,0.8,0.2,2.2,2.2,14.7,0
311,312,Brandon Miller,SF,21,CHO,31,25,30.9,5.4,12.8,0.421,2.1,5.5,0.379,3.3,7.4,0.452,0.501,1.5,1.9,0.81,0.8,3.0,3.8,2.2,0.6,0.5,1.6,2.7,14.4,0
312,313,Jordan Miller,SF,24,LAC,3,0,4.0,0.7,1.0,0.667,0.3,0.3,1.0,0.3,0.7,0.5,0.833,0.0,0.0,0.0,0.0,0.3,0.3,0.0,0.0,0.0,0.3,0.7,1.7,0
313,314,Leonard Miller,SF,20,MIN,4,0,2.8,1.0,1.3,0.8,0.3,0.3,1.0,0.8,1.0,0.75,0.9,0.0,0.0,0.0,0.0,1.8,1.8,0.3,0.0,0.0,0.0,0.3,2.3,0
314,315,Dariq Whitehead,SF,19,BRK,2,0,12.0,0.5,2.5,0.2,0.0,1.5,0.0,0.5,1.0,0.5,0.2,0.5,1.0,0.5,0.0,2.0,2.0,1.5,0.0,0.5,0.0,0.0,1.5,0
315,316,Patty Mills,PG,35,ATL,8,0,9.1,0.6,1.8,0.357,0.6,1.3,0.5,0.0,0.5,0.0,0.536,0.0,0.0,0.0,0.1,0.8,0.9,0.6,0.1,0.1,0.4,1.3,1.9,0
316,317,Shake Milton,SG,27,MIN,31,0,13.5,1.7,4.3,0.396,0.4,1.6,0.265,1.3,2.7,0.471,0.444,1.2,1.4,0.818,0.2,1.3,1.4,1.3,0.5,0.1,0.8,1.3,5.0,0
317,318,Justin Minaya,SF,24,POR,7,0,7.1,0.4,1.4,0.3,0.3,0.9,0.333,0.1,0.6,0.25,0.4,0.3,0.6,0.5,0.7,0.1,0.9,0.1,0.0,0.3,0.3,0.4,1.4,0
318,319,Josh Minott,SF,21,MIN,14,0,2.6,0.6,1.1,0.533,0.0,0.4,0.0,0.6,0.7,0.8,0.533,0.6,0.7,0.8,0.1,0.1,0.2,0.2,0.0,0.1,0.1,0.3,1.7,0
319,320,Davion Mitchell,PG,25,SAC,30,3,12.3,1.3,3.6,0.358,0.5,1.9,0.246,0.8,1.7,0.481,0.422,0.4,0.5,0.733,0.1,0.8,0.9,1.8,0.2,0.1,0.5,1.1,3.4,0
320,321,Donovan Mitchell,SG,27,CLE,27,27,35.7,9.4,20.8,0.455,3.1,8.9,0.35,6.3,11.9,0.533,0.529,5.2,6.0,0.876,1.0,4.3,5.3,5.7,1.9,0.5,2.7,2.2,27.2,1
321,322,Evan Mobley,PF,22,CLE,21,21,33.6,6.8,11.8,0.573,0.1,0.5,0.2,6.7,11.3,0.588,0.577,2.4,3.1,0.769,2.7,7.8,10.5,2.9,0.8,1.7,2.3,2.9,16.0,0
322,323,Isaiah Mobley,PF,24,CLE,3,0,4.7,0.7,1.3,0.5,0.3,0.7,0.5,0.3,0.7,0.5,0.625,0.0,0.0,0.0,0.0,0.7,0.7,1.3,0.3,0.0,0.3,0.7,1.7,0
323,324,Malik Monk,SG,25,SAC,36,0,25.6,5.1,11.4,0.446,2.6,6.4,0.407,2.5,5.0,0.497,0.561,2.2,2.5,0.878,0.4,2.2,2.6,5.4,0.6,0.7,2.1,1.9,15.0,0
324,325,Moses Moody,SG,21,GSW,34,4,18.0,3.1,6.5,0.482,1.1,3.1,0.358,2.0,3.4,0.595,0.568,1.3,1.7,0.789,1.1,2.0,3.1,0.8,0.7,0.3,0.7,1.4,8.7,0
325,326,Xavier Moon,SG,29,LAC,2,0,6.0,0.5,1.0,0.5,0.0,0.5,0.0,0.5,0.5,1.0,0.5,0.0,0.0,0.0,0.0,1.0,1.0,1.5,0.0,0.0,0.5,0.5,1.0,0
326,327,Wendell Moore Jr.,SG,22,MIN,8,0,2.8,0.1,0.4,0.333,0.0,0.3,0.0,0.1,0.1,1.0,0.333,0.0,0.0,0.0,0.0,0.4,0.4,0.1,0.1,0.1,0.3,0.1,0.3,0
327,328,Ja Morant,PG,24,MEM,9,9,35.3,8.9,18.9,0.471,1.6,5.7,0.275,7.3,13.2,0.555,0.512,5.8,7.1,0.813,0.7,4.9,5.6,8.1,0.8,0.6,3.0,2.1,25.1,0
328,329,Marcus Morris,PF,34,PHI,28,5,16.0,2.3,5.1,0.458,1.0,2.4,0.426,1.3,2.6,0.486,0.56,0.8,1.0,0.852,0.5,2.2,2.7,0.8,0.4,0.4,0.4,1.8,6.5,0
329,330,Markieff Morris,PF,34,DAL,15,1,9.7,1.0,3.1,0.326,0.6,1.9,0.321,0.4,1.2,0.333,0.424,0.1,0.1,0.5,0.3,1.6,1.9,0.7,0.3,0.1,0.6,0.7,2.7,0
330,331,Trey Murphy III,SF,23,NOP,15,2,25.9,4.6,10.1,0.454,2.7,6.7,0.406,1.9,3.4,0.549,0.589,1.9,2.2,0.848,0.5,3.3,3.7,2.1,0.7,0.4,0.6,1.1,13.8,0
331,332,Dejounte Murray,SG,27,ATL,36,36,34.7,8.1,17.3,0.466,2.4,6.1,0.394,5.7,11.2,0.505,0.535,2.6,3.1,0.814,0.8,3.8,4.6,5.0,1.4,0.3,2.1,1.7,21.1,0
332,333,Jamal Murray,PG,26,DEN,25,25,30.0,7.6,16.1,0.47,2.4,5.8,0.41,5.2,10.3,0.504,0.544,3.0,3.4,0.893,0.6,3.2,3.8,6.2,1.0,0.8,1.8,2.1,20.5,0
333,334,Keegan Murray,SF,23,SAC,33,33,32.9,6.1,13.1,0.467,2.5,6.8,0.372,3.6,6.4,0.567,0.562,1.4,1.7,0.825,1.4,4.2,5.5,1.6,1.2,0.5,0.9,2.6,16.2,0
334,335,Kris Murray,SF,23,POR,20,0,11.4,1.2,3.3,0.364,0.5,1.7,0.303,0.7,1.7,0.424,0.439,0.3,0.4,0.75,0.8,1.2,1.9,0.6,0.8,0.2,0.3,0.8,3.2,0
335,336,Mike Muscala,C,32,WAS,24,2,14.1,1.4,3.8,0.367,0.6,2.1,0.275,0.8,1.6,0.487,0.444,0.6,0.8,0.75,0.9,2.2,3.1,0.9,0.2,0.3,0.7,1.3,4.0,0
336,337,Svi Mykhailiuk,SF,26,BOS,16,0,7.4,0.6,2.4,0.256,0.4,2.0,0.188,0.3,0.4,0.571,0.333,0.1,0.3,0.5,0.3,0.7,0.9,0.3,0.3,0.0,0.4,0.6,1.8,0
337,338,Larry Nance Jr.,C,31,NOP,21,0,16.8,1.9,3.5,0.534,0.4,0.9,0.421,1.5,2.6,0.574,0.589,0.6,0.9,0.667,1.5,3.7,5.2,1.0,1.0,0.4,1.0,1.2,4.7,0
338,339,Andrew Nembhard,PG,24,IND,25,8,19.9,3.3,6.9,0.474,0.6,2.1,0.308,2.6,4.8,0.545,0.52,0.3,0.4,0.727,0.6,1.1,1.7,4.0,0.9,0.0,1.8,2.1,7.5,0
339,340,Aaron Nesmith,SF,24,IND,35,10,25.5,4.2,8.3,0.51,2.1,4.6,0.456,2.1,3.7,0.577,0.636,1.2,1.6,0.719,0.8,2.4,3.3,1.1,1.1,0.7,0.9,3.2,11.7,0
340,341,Georges Niang,PF,30,CLE,36,1,22.2,3.2,7.7,0.414,1.7,4.8,0.347,1.5,2.9,0.524,0.522,0.4,0.5,0.842,0.4,3.4,3.8,1.2,0.3,0.2,0.9,2.4,8.5,0
341,342,Daishen Nix,PG,21,MIN,6,0,3.5,0.5,1.3,0.375,0.3,0.8,0.4,0.2,0.5,0.333,0.5,0.0,0.3,0.0,0.0,0.2,0.2,0.0,0.2,0.0,0.0,0.0,1.3,0
342,343,Zeke Nnaji,PF,23,DEN,33,0,9.9,1.2,2.5,0.482,0.2,0.5,0.333,1.1,2.1,0.515,0.512,0.8,1.2,0.641,1.2,1.1,2.2,0.5,0.2,0.6,0.6,1.6,3.3,0
343,344,Jaylen Nowell,SG,24,MEM,9,1,17.3,2.4,6.1,0.4,0.4,2.6,0.174,2.0,3.6,0.563,0.436,0.3,0.3,1.0,0.3,1.2,1.6,1.8,0.3,0.0,0.6,1.4,5.7,0
344,345,Markquis Nowell,SG,24,TOR,1,0,4.0,0.0,1.0,0.0,0.0,0.0,0.0,0.0,1.0,0.0,0.0,2.0,2.0,1.0,2.0,0.0,2.0,2.0,1.0,0.0,0.0,0.0,2.0,0
345,346,Jusuf Nurki?,C,29,PHO,35,35,27.8,4.7,9.7,0.484,0.6,2.2,0.273,4.1,7.5,0.545,0.515,2.5,3.5,0.713,2.8,7.5,10.3,3.5,0.9,1.1,1.9,3.3,12.5,0
346,347,Jordan Nwora,SF,25,IND,15,0,9.9,2.2,4.4,0.5,0.7,1.9,0.357,1.5,2.5,0.605,0.576,0.5,0.6,0.889,0.5,1.4,1.9,0.9,0.3,0.1,0.7,1.1,5.6,0
347,348,Royce O'Neale,SF,30,BRK,36,6,25.4,2.6,6.8,0.385,2.0,5.4,0.371,0.6,1.4,0.44,0.533,0.3,0.5,0.611,0.9,3.8,4.6,3.1,0.8,0.6,1.1,2.4,7.5,0
348,349,Chuma Okeke,SF,25,ORL,20,3,10.5,0.8,2.5,0.327,0.6,1.9,0.289,0.3,0.6,0.455,0.439,0.0,0.1,0.0,0.5,2.0,2.5,0.6,0.2,0.2,0.4,0.5,2.2,0
349,350,Josh Okogie,SG,25,PHO,31,11,19.7,1.7,4.3,0.394,0.5,2.0,0.242,1.2,2.3,0.529,0.451,1.8,2.4,0.77,1.4,1.5,2.9,1.4,1.0,0.5,0.7,1.7,5.7,0
350,351,Onyeka Okongwu,C,23,ATL,35,3,24.9,3.7,6.2,0.593,0.4,1.3,0.295,3.3,4.9,0.669,0.623,1.9,2.3,0.825,2.5,4.3,6.8,1.4,0.5,1.0,0.7,2.8,9.6,0
351,352,Isaac Okoro,SF,23,CLE,27,16,25.8,3.0,6.0,0.503,0.9,2.4,0.364,2.1,3.6,0.598,0.577,1.6,2.2,0.7,1.4,2.0,3.4,2.0,0.9,0.4,0.9,2.2,8.5,0
352,353,Kelly Olynyk,C,32,UTA,37,8,21.3,2.9,5.2,0.565,0.8,1.8,0.433,2.1,3.4,0.637,0.641,1.5,1.8,0.877,1.4,3.7,5.1,4.5,0.9,0.3,1.7,2.7,8.2,0
353,354,Eugene Omoruyi,SF,26,WAS,19,0,5.8,1.7,2.9,0.582,0.3,0.9,0.294,1.4,2.0,0.711,0.627,0.8,1.1,0.762,0.6,0.9,1.5,0.6,0.5,0.1,0.5,1.1,4.5,0
354,355,Cedi Osman,SF,28,SAS,36,1,18.5,2.9,6.1,0.47,1.2,3.3,0.356,1.7,2.8,0.604,0.566,0.8,1.1,0.675,0.4,2.2,2.6,1.9,0.5,0.1,0.6,1.5,7.6,0
355,356,Kelly Oubre Jr.,SF,28,PHI,25,14,27.2,5.0,10.6,0.466,1.7,4.7,0.364,3.2,5.9,0.547,0.547,1.8,2.4,0.738,1.0,3.1,4.2,1.1,1.2,0.4,0.9,2.4,13.4,0
356,357,Chris Paul,PG,38,GSW,32,11,27.6,3.3,7.7,0.424,1.3,3.7,0.361,1.9,3.9,0.484,0.512,1.1,1.3,0.833,0.3,3.5,3.8,7.2,1.1,0.1,1.2,1.8,8.9,0
357,358,Cameron Payne,PG,29,MIL,36,2,15.4,2.1,4.6,0.452,1.1,2.8,0.38,1.0,1.8,0.561,0.566,0.9,1.0,0.886,0.1,1.1,1.1,2.4,0.4,0.1,0.8,1.8,6.1,0
358,359,Gary Payton II,SG,31,GSW,16,0,16.3,2.3,4.9,0.456,0.6,2.0,0.281,1.7,2.9,0.574,0.513,0.4,0.6,0.667,1.0,2.0,3.0,0.8,1.1,0.3,0.6,1.8,5.4,0
359,360,Drew Peterson,PF,24,BOS,1,0,3.0,1.0,1.0,1.0,1.0,1.0,1.0,0.0,0.0,0.0,1.5,0.0,0.0,0.0,0.0,0.0,0.0,1.0,0.0,0.0,0.0,1.0,3.0,0
360,361,Filip Petrušev,C,23,TOT,3,0,3.3,0.3,0.7,0.5,0.0,0.0,0.0,0.3,0.7,0.5,0.5,0.3,0.7,0.5,0.0,0.3,0.3,0.0,0.0,0.0,0.0,0.3,1.0,0
361,362,Julian Phillips,SF,20,CHI,21,0,4.5,0.4,1.1,0.333,0.0,0.6,0.083,0.3,0.6,0.583,0.354,0.0,0.2,0.25,0.1,0.4,0.5,0.3,0.0,0.1,0.1,0.6,0.9,0
362,363,Jalen Pickett,SG,24,DEN,15,0,6.0,0.7,1.7,0.44,0.5,1.2,0.389,0.3,0.5,0.571,0.58,0.1,0.1,1.0,0.1,0.7,0.7,0.7,0.2,0.0,0.4,0.5,2.1,0
363,364,Mason Plumlee,C,33,LAC,8,0,14.3,1.8,2.6,0.667,0.0,0.0,0.0,1.8,2.6,0.667,0.667,1.4,2.6,0.524,1.1,3.5,4.6,1.1,0.5,0.1,0.6,0.9,4.9,0
364,365,Brandin Podziemski,SG,20,GSW,31,9,23.8,3.5,7.6,0.455,1.4,3.3,0.408,2.1,4.3,0.492,0.545,0.7,1.1,0.618,1.5,3.9,5.5,3.2,0.9,0.2,1.3,1.8,8.9,0
365,366,Jakob Poeltl,C,28,TOR,36,36,26.5,4.7,6.9,0.685,0.0,0.0,0.0,4.7,6.9,0.685,0.685,1.2,2.2,0.532,2.8,5.6,8.3,2.5,0.7,1.4,1.6,2.9,10.6,0
366,367,Aleksej Pokusevski,PF,22,OKC,7,0,6.1,0.3,1.6,0.182,0.1,1.1,0.125,0.1,0.4,0.333,0.227,0.1,0.3,0.5,0.3,0.9,1.1,0.7,0.0,0.1,0.4,0.7,0.9,0
367,368,Jordan Poole,SG,24,WAS,36,36,29.1,6.0,14.6,0.414,2.0,6.4,0.316,4.0,8.1,0.491,0.484,2.8,3.2,0.853,0.4,1.9,2.4,3.7,1.0,0.3,2.4,3.1,16.8,0
368,369,Craig Porter Jr.,PG,23,CLE,25,5,15.9,3.0,5.9,0.503,0.3,0.8,0.35,2.7,5.1,0.528,0.527,1.0,1.5,0.658,0.6,2.1,2.7,3.2,0.7,0.5,1.1,1.0,7.2,0
369,370,Jontay Porter,PF,24,TOR,5,0,12.2,1.6,3.8,0.421,0.6,2.4,0.25,1.0,1.4,0.714,0.5,0.4,0.4,1.0,1.0,2.0,3.0,1.6,0.4,0.4,0.8,1.8,4.2,0
370,371,Michael Porter Jr.,SF,25,DEN,39,39,30.9,6.2,13.0,0.473,2.7,6.9,0.394,3.4,6.1,0.563,0.578,1.0,1.3,0.776,1.3,5.8,7.1,1.4,0.4,0.7,1.0,1.9,16.0,0
371,372,Otto Porter Jr.,SF,30,TOR,15,1,11.6,0.9,2.2,0.424,0.5,1.5,0.348,0.4,0.7,0.6,0.545,0.2,0.2,1.0,0.4,1.5,1.9,0.5,0.3,0.3,0.1,1.3,2.6,0
372,373,Bobby Portis,PF,28,MIL,37,0,23.5,4.9,9.9,0.496,0.9,2.8,0.337,4.0,7.1,0.559,0.544,1.2,1.6,0.776,1.7,4.9,6.6,1.1,0.7,0.5,0.9,2.6,12.0,0
373,374,Kristaps Porzi??is,C,28,BOS,27,27,30.0,6.6,12.4,0.533,1.6,5.0,0.326,5.0,7.4,0.672,0.598,4.9,5.9,0.835,1.6,5.4,7.0,1.9,0.7,1.8,1.5,2.8,19.8,0
374,375,Micah Potter,PF,25,UTA,2,0,3.5,0.0,0.5,0.0,0.0,0.5,0.0,0.0,0.0,0.0,0.0,0.0,0.0,0.0,0.0,2.0,2.0,0.0,0.0,0.0,0.0,0.0,0.0,0
375,376,Dwight Powell,C,32,DAL,35,6,15.4,1.6,2.3,0.713,0.0,0.1,0.5,1.6,2.2,0.718,0.719,1.5,2.0,0.754,1.6,2.0,3.7,1.5,0.5,0.4,0.5,2.0,4.8,0
376,377,Norman Powell,SG,30,LAC,37,0,25.6,4.6,9.3,0.493,2.0,4.5,0.455,2.6,4.9,0.528,0.601,2.1,2.4,0.898,0.2,2.2,2.4,1.0,0.6,0.4,0.9,1.8,13.4,0
377,378,Joshua Primo,SG,21,LAC,1,0,5.0,1.0,2.0,0.5,0.0,1.0,0.0,1.0,1.0,1.0,0.5,0.0,0.0,0.0,0.0,0.0,0.0,0.0,0.0,1.0,3.0,0.0,2.0,0
378,379,Taurean Prince,PF,29,LAL,36,36,31.0,3.5,8.3,0.428,2.2,5.6,0.393,1.3,2.7,0.5,0.561,0.6,0.9,0.742,0.3,2.6,2.9,1.8,1.0,0.5,0.9,2.3,9.9,0
379,380,Payton Pritchard,PG,26,BOS,37,0,20.5,2.7,6.4,0.416,1.6,4.4,0.379,1.0,2.1,0.494,0.544,0.4,0.5,0.65,1.0,2.2,3.2,2.9,0.4,0.1,0.6,1.2,7.4,0
380,381,Olivier-Maxence Prosper,PF,21,DAL,23,0,9.3,1.0,2.7,0.349,0.3,1.3,0.258,0.6,1.4,0.438,0.413,0.8,1.2,0.704,0.7,1.6,2.3,0.8,0.1,0.1,0.2,0.7,3.1,0
381,382,Trevelin Queen,SG,26,ORL,5,0,21.0,1.6,4.4,0.364,0.6,1.8,0.333,1.0,2.6,0.385,0.432,0.8,1.0,0.8,0.6,1.6,2.2,2.2,1.2,0.4,0.6,2.4,4.6,0
382,383,Neemias Queta,C,24,BOS,13,0,13.7,2.0,3.5,0.565,0.0,0.0,0.0,2.0,3.5,0.565,0.565,0.9,1.2,0.75,2.1,2.8,4.8,0.5,0.5,0.3,0.4,2.2,4.9,0
383,384,Immanuel Quickley,SG-PG,24,TOT,36,6,25.2,5.3,11.8,0.449,2.3,5.6,0.408,3.0,6.2,0.486,0.546,2.9,3.3,0.866,0.2,2.7,2.9,3.1,0.6,0.1,1.0,1.6,15.7,0
384,385,Lester Quinones,SG,23,GSW,6,0,5.3,1.0,2.7,0.375,0.7,1.8,0.364,0.3,0.8,0.4,0.5,0.0,0.0,0.0,0.2,0.7,0.8,0.3,0.2,0.0,0.5,0.7,2.7,0
385,386,Julius Randle,PF,29,NYK,37,37,35.5,8.6,18.3,0.473,1.5,5.1,0.293,7.2,13.2,0.542,0.513,5.4,7.0,0.775,2.0,7.3,9.3,4.8,0.6,0.3,3.3,2.7,24.2,1
386,387,Duop Reath,C,27,POR,24,7,16.7,3.2,6.9,0.458,1.4,3.7,0.371,1.8,3.2,0.558,0.557,1.1,1.3,0.871,1.3,2.4,3.8,1.0,0.5,0.4,0.8,2.2,8.8,0
387,388,Austin Reaves,SG,25,LAL,38,13,30.0,5.2,10.9,0.478,1.6,4.6,0.337,3.7,6.3,0.582,0.55,3.1,3.6,0.875,0.9,3.5,4.4,5.2,0.9,0.1,2.2,1.7,15.1,0
388,389,Cam Reddish,SF,24,LAL,31,24,24.5,2.4,6.1,0.395,1.0,2.8,0.345,1.5,3.3,0.437,0.474,1.1,1.4,0.833,0.6,1.9,2.5,1.5,1.3,0.3,0.9,1.6,6.9,0
389,390,Paul Reed,C,24,PHI,36,7,15.4,2.5,4.5,0.559,0.2,0.5,0.353,2.3,4.0,0.583,0.578,0.6,0.9,0.719,1.8,2.8,4.5,1.2,0.7,0.7,0.8,2.2,5.8,0
390,391,Naz Reid,C,24,MIN,37,0,22.7,4.8,9.6,0.504,1.9,4.8,0.401,2.9,4.8,0.607,0.604,1.2,1.5,0.852,1.1,3.8,5.0,1.1,0.6,0.6,1.3,2.0,12.8,0
391,392,Jared Rhoden,SG,24,DET,5,0,6.0,1.0,1.8,0.556,0.2,0.8,0.25,0.8,1.0,0.8,0.611,0.4,0.4,1.0,0.2,0.6,0.8,0.6,0.0,0.0,0.4,0.8,2.6,0
392,393,Nick Richards,C,26,CHO,29,16,24.1,3.4,5.0,0.69,0.0,0.0,0.0,3.4,5.0,0.69,0.69,1.9,2.5,0.75,2.3,5.1,7.4,0.8,0.4,1.3,1.0,2.7,8.8,0
393,394,Josh Richardson,SG,30,MIA,28,4,27.3,3.6,8.1,0.439,1.5,4.4,0.339,2.1,3.7,0.558,0.531,1.4,1.5,0.929,0.4,2.3,2.8,3.0,0.6,0.3,1.0,1.8,10.0,0
394,395,Duncan Robinson,SF,29,MIA,35,16,29.0,4.8,10.5,0.455,3.0,7.2,0.414,1.8,3.3,0.543,0.597,1.4,1.6,0.86,0.3,2.3,2.6,3.1,0.6,0.2,1.3,2.4,13.9,0
395,396,Jerome Robinson,SG,26,GSW,5,0,3.8,0.0,1.4,0.0,0.0,0.8,0.0,0.0,0.6,0.0,0.0,0.6,0.8,0.75,0.2,0.4,0.6,0.2,0.0,0.2,0.0,0.2,0.6,0
396,397,Mitchell Robinson,C,25,NYK,21,21,29.2,2.8,4.7,0.592,0.0,0.0,0.0,2.8,4.7,0.592,0.592,0.7,1.8,0.368,5.3,5.0,10.3,0.7,1.5,1.3,1.0,1.9,6.2,0
397,398,Orlando Robinson,C,23,MIA,15,7,14.3,2.1,3.9,0.525,0.5,0.8,0.583,1.6,3.1,0.511,0.585,0.7,1.1,0.688,1.2,2.7,3.9,1.6,0.3,0.5,0.9,1.9,5.3,0
398,399,Jeremiah Robinson-Earl,PF,23,NOP,16,1,10.8,1.6,2.9,0.553,0.5,1.1,0.444,1.1,1.8,0.621,0.638,0.4,0.4,1.0,0.7,1.9,2.6,0.6,0.3,0.2,0.5,0.8,4.1,0
399,400,David Roddy,PF,22,MEM,34,8,21.6,2.8,6.9,0.4,0.9,3.1,0.286,1.9,3.8,0.492,0.464,0.9,1.3,0.711,0.9,2.8,3.6,1.2,0.5,0.3,0.9,1.2,7.4,0
400,401,Ryan Rollins,PG,21,WAS,10,0,6.6,1.3,2.5,0.52,0.2,0.3,0.667,1.1,2.2,0.5,0.56,1.3,1.7,0.765,0.2,0.9,1.1,1.1,0.8,0.3,0.7,0.7,4.1,0
401,402,Derrick Rose,PG,35,MEM,17,7,17.9,3.3,7.5,0.438,0.6,1.9,0.333,2.6,5.6,0.474,0.48,1.1,1.2,0.905,0.4,1.4,1.8,3.4,0.4,0.1,1.3,1.1,8.4,0
402,403,Terry Rozier,SG,29,CHO,24,24,36.0,8.7,18.7,0.463,2.8,7.6,0.372,5.8,11.1,0.526,0.539,4.1,4.7,0.875,0.5,3.3,3.8,7.0,1.1,0.4,2.2,1.8,24.3,0
403,404,Rayan Rupert,SG,19,POR,10,0,6.6,0.6,2.3,0.261,0.2,0.9,0.222,0.4,1.4,0.286,0.304,0.2,0.4,0.5,0.3,0.6,0.9,0.5,0.2,0.0,0.5,0.4,1.6,0
404,405,D'Angelo Russell,PG,27,LAL,34,28,28.8,5.5,11.9,0.463,2.0,5.3,0.383,3.5,6.6,0.527,0.548,1.5,2.0,0.765,0.3,2.5,2.8,6.1,0.8,0.5,1.8,1.9,14.6,0
405,406,Matt Ryan,SF,26,NOP,13,1,22.9,2.9,6.4,0.458,2.5,5.2,0.471,0.5,1.2,0.4,0.651,1.0,1.1,0.929,0.4,1.9,2.3,1.1,0.4,0.1,1.2,1.8,9.3,0
406,407,Domantas Sabonis,C,27,SAC,37,37,34.9,8.1,13.4,0.604,0.5,1.2,0.395,7.6,12.3,0.623,0.621,3.6,5.4,0.667,3.4,9.3,12.7,7.7,0.9,0.5,3.3,3.2,20.2,0
407,408,Luka Šamani?,PF,24,UTA,17,0,6.6,1.2,3.1,0.377,0.3,1.2,0.25,0.9,1.9,0.455,0.425,0.5,0.6,0.818,0.4,1.7,2.1,0.2,0.1,0.1,0.5,0.6,3.2,0
408,409,Jermaine Samuels,SF,25,HOU,6,0,6.3,0.8,1.2,0.714,0.0,0.3,0.0,0.8,0.8,1.0,0.714,0.3,0.3,1.0,0.2,1.2,1.3,0.3,0.2,0.2,0.0,0.5,2.0,0
409,410,Adama Sanogo,PF,21,CHI,3,0,3.7,1.0,1.0,1.0,0.0,0.0,0.0,1.0,1.0,1.0,1.0,0.7,1.0,0.667,0.7,1.3,2.0,0.0,0.0,0.0,0.3,0.0,2.7,0
410,411,Gui Santos,PF,21,GSW,5,0,6.4,0.8,2.0,0.4,0.2,1.2,0.167,0.6,0.8,0.75,0.45,1.2,1.2,1.0,0.8,1.4,2.2,0.4,0.0,0.0,0.4,0.6,3.0,0
411,412,Dario Šari?,C,29,GSW,37,4,20.2,3.6,7.6,0.473,1.5,3.8,0.39,2.1,3.8,0.557,0.571,1.6,1.9,0.871,1.5,4.1,5.6,2.2,0.6,0.2,1.2,2.2,10.3,0
412,413,Olivier Sarr,C,24,OKC,8,0,8.4,0.8,1.4,0.545,0.3,0.6,0.4,0.5,0.8,0.667,0.636,0.8,1.0,0.75,0.8,2.5,3.3,0.3,0.0,0.6,0.3,1.8,2.5,0
413,414,Marcus Sasser,PG,23,DET,34,0,15.6,2.6,5.6,0.468,1.1,2.6,0.416,1.5,3.0,0.515,0.566,0.6,0.7,0.88,0.1,1.4,1.6,2.4,0.6,0.2,0.8,1.3,7.0,0
414,415,Admiral Schofield,PF,26,ORL,11,0,4.0,0.5,1.2,0.385,0.2,0.7,0.25,0.3,0.5,0.6,0.462,0.0,0.2,0.0,0.1,0.5,0.5,0.4,0.0,0.0,0.4,0.6,1.1,0
415,416,Dennis Schröder,PG,30,TOR,38,31,31.9,5.3,11.7,0.454,1.6,4.4,0.349,3.7,7.2,0.518,0.52,2.6,3.0,0.851,0.5,2.3,2.8,6.7,0.9,0.1,1.6,2.1,14.7,0
416,417,Dereon Seabron,SG,23,NOP,5,0,10.4,0.8,2.6,0.308,0.2,0.4,0.5,0.6,2.2,0.273,0.346,1.0,1.2,0.833,0.2,1.2,1.4,0.8,0.4,0.2,0.0,0.8,2.8,0
417,418,Alperen ?engün,C,21,HOU,36,36,32.3,8.5,15.8,0.54,0.6,2.1,0.286,7.9,13.6,0.58,0.559,3.9,5.5,0.721,2.6,6.4,9.0,5.0,1.2,0.7,2.5,3.4,21.6,0
418,419,Brice Sensabaugh,SF,20,UTA,3,0,2.7,0.0,0.7,0.0,0.0,0.0,0.0,0.0,0.7,0.0,0.0,0.0,0.0,0.0,0.3,0.7,1.0,0.0,0.0,0.0,0.0,0.0,0.0,0
419,420,Collin Sexton,SG,25,UTA,39,16,23.5,5.5,11.5,0.479,1.3,3.8,0.347,4.2,7.7,0.543,0.536,3.8,4.3,0.888,0.8,1.8,2.6,3.8,0.7,0.2,1.8,2.0,16.2,0
420,421,Landry Shamet,SG,26,WAS,22,0,16.0,2.8,6.2,0.453,1.3,3.5,0.372,1.5,2.7,0.559,0.558,0.7,1.0,0.652,0.1,1.2,1.3,1.4,0.6,0.3,0.7,1.7,7.6,0
421,422,Day'Ron Sharpe,C,22,BRK,37,1,16.0,3.0,5.2,0.575,0.0,0.2,0.143,3.0,5.0,0.591,0.578,1.5,2.4,0.614,2.8,4.2,7.0,1.4,0.5,0.9,1.0,2.3,7.5,0
422,423,Shaedon Sharpe,SG,20,POR,31,25,33.5,5.6,13.5,0.412,1.9,5.6,0.339,3.7,7.9,0.463,0.482,3.2,3.8,0.824,1.3,3.7,5.0,3.0,0.9,0.4,2.3,2.7,16.2,0
423,424,Ben Sheppard,SG,22,IND,16,0,6.6,1.0,2.4,0.421,0.5,1.6,0.32,0.5,0.8,0.615,0.526,0.3,0.4,0.667,0.1,0.5,0.6,0.6,0.3,0.0,0.1,0.7,2.8,0
424,425,Pascal Siakam,PF,29,TOR,37,37,34.8,8.4,16.1,0.525,1.1,3.6,0.308,7.3,12.5,0.588,0.56,4.2,5.6,0.754,1.4,5.0,6.4,5.0,0.8,0.3,2.2,2.3,22.2,0
425,426,Ben Simmons,PG,27,BRK,6,6,31.8,3.2,6.0,0.528,0.0,0.0,0.0,3.2,6.0,0.528,0.528,0.2,0.7,0.25,2.7,8.2,10.8,6.7,0.5,0.8,2.5,2.7,6.5,0
426,427,Anfernee Simons,SG,24,POR,15,15,33.2,8.5,19.4,0.436,3.4,8.9,0.383,5.1,10.5,0.481,0.524,4.3,4.6,0.928,0.5,2.9,3.5,5.3,0.7,0.1,2.3,1.9,24.6,0
427,428,Jericho Sims,C,25,NYK,18,5,6.4,0.6,0.8,0.667,0.0,0.0,0.0,0.6,0.8,0.667,0.667,0.2,0.3,0.6,0.3,1.1,1.4,0.2,0.1,0.1,0.2,0.8,1.3,0
428,429,Dmytro Skapintsev,C,25,NYK,2,0,1.0,0.0,0.5,0.0,0.0,0.0,0.0,0.0,0.5,0.0,0.0,0.0,0.0,0.0,0.0,0.0,0.0,0.0,0.0,0.0,0.0,0.0,0.0,0
429,430,Jalen Slawson,SF,24,SAC,5,0,3.8,0.4,0.6,0.667,0.0,0.2,0.0,0.4,0.4,1.0,0.667,0.0,0.0,0.0,0.0,0.8,0.8,0.4,0.0,0.2,0.4,0.6,0.8,0
430,431,Javonte Smart,PG,24,PHI,1,0,1.0,0.0,0.0,0.0,0.0,0.0,0.0,0.0,0.0,0.0,0.0,0.0,0.0,0.0,0.0,0.0,0.0,0.0,0.0,0.0,0.0,0.0,0.0,0
431,432,Marcus Smart,PG,29,MEM,20,20,30.3,5.1,11.9,0.43,2.1,6.7,0.313,3.0,5.2,0.583,0.519,2.2,2.8,0.768,0.3,2.4,2.7,4.3,2.1,0.3,3.1,2.7,14.5,0
432,433,Dennis Smith Jr.,PG,26,BRK,22,1,19.4,2.9,7.0,0.418,0.5,2.0,0.273,2.4,5.0,0.477,0.458,1.1,1.3,0.828,0.9,2.4,3.3,4.2,1.0,0.2,1.0,2.6,7.5,0
433,434,Dru Smith,SG,26,MIA,9,0,14.6,1.7,3.7,0.455,0.8,1.9,0.412,0.9,1.8,0.5,0.561,0.2,0.2,1.0,0.7,0.9,1.6,1.6,1.0,0.3,0.6,1.3,4.3,0
434,435,Ish Smith,PG,35,CHO,29,2,16.8,1.8,3.8,0.477,0.1,0.2,0.333,1.8,3.6,0.486,0.486,0.1,0.1,1.0,0.3,1.3,1.7,3.1,0.3,0.1,1.3,1.1,3.8,0
435,436,Jabari Smith Jr.,PF,20,HOU,35,35,31.3,4.9,10.3,0.474,1.8,4.6,0.388,3.1,5.7,0.542,0.56,1.9,2.3,0.825,1.9,6.9,8.8,1.5,0.5,0.8,1.3,3.1,13.4,0
436,437,Jalen Smith,C,23,IND,24,8,17.2,3.9,6.1,0.637,1.1,2.3,0.482,2.8,3.8,0.733,0.729,1.4,1.9,0.717,1.4,4.0,5.4,1.0,0.3,0.5,0.9,2.3,10.3,0
437,438,Nick Smith Jr.,SG,19,CHO,20,0,14.3,2.7,6.2,0.439,1.5,3.2,0.476,1.2,3.0,0.4,0.561,0.2,0.2,0.75,0.5,0.9,1.4,0.9,0.2,0.4,0.8,1.2,7.1,0
438,439,Jeremy Sochan,PF,20,SAS,36,35,29.1,4.3,9.8,0.433,0.9,2.6,0.37,3.3,7.3,0.456,0.482,1.5,1.9,0.771,1.5,4.0,5.5,3.9,0.6,0.3,2.0,2.4,10.9,0
439,440,Jaden Springer,SG,21,PHI,23,0,10.2,1.1,3.2,0.351,0.2,1.1,0.2,0.9,2.1,0.429,0.385,0.6,0.8,0.722,0.8,0.6,1.4,1.0,0.6,0.4,0.8,1.4,3.0,0
440,441,Lamar Stevens,PF,26,BOS,13,1,5.5,1.1,2.0,0.538,0.2,0.5,0.286,0.9,1.5,0.632,0.577,0.2,0.3,0.75,0.5,0.9,1.5,0.5,0.4,0.3,0.4,0.8,2.5,0
441,442,Isaiah Stewart,PF,22,DET,28,28,30.7,3.9,8.2,0.472,1.4,3.5,0.398,2.5,4.7,0.527,0.557,1.3,1.7,0.745,1.9,5.2,7.0,1.7,0.3,0.6,1.5,2.6,10.4,0
442,443,Julian Strawther,SF,21,DEN,33,0,13.9,2.2,5.6,0.384,1.1,3.5,0.322,1.0,2.1,0.486,0.484,0.5,0.7,0.696,0.1,1.4,1.5,1.1,0.5,0.2,0.5,1.4,5.9,0
443,444,Max Strus,SF,27,CLE,36,36,34.5,4.9,12.2,0.403,2.8,8.2,0.347,2.1,4.0,0.517,0.519,1.1,1.4,0.796,0.8,4.3,5.1,3.9,1.0,0.6,1.7,2.9,13.8,0
444,445,Jalen Suggs,SG,22,ORL,33,33,27.3,4.8,10.5,0.464,2.2,5.3,0.403,2.7,5.1,0.527,0.567,1.8,2.4,0.769,0.7,2.8,3.4,2.5,1.5,0.7,2.1,2.9,13.7,0
445,446,Cole Swider,SF,24,MIA,7,0,5.0,1.1,2.4,0.471,0.7,1.9,0.385,0.4,0.6,0.75,0.618,0.0,0.0,0.0,0.1,0.1,0.3,0.4,0.1,0.1,0.3,0.1,3.0,0
446,447,Jae'Sean Tate,SF,28,HOU,34,8,19.4,2.0,4.1,0.489,0.5,1.6,0.321,1.5,2.5,0.6,0.553,0.6,0.8,0.714,1.1,2.6,3.6,1.1,0.8,0.2,0.4,2.6,5.2,0
447,448,Jayson Tatum,PF,25,BOS,34,34,36.6,9.4,19.7,0.48,3.3,8.7,0.374,6.2,10.9,0.565,0.563,5.8,7.1,0.815,0.9,7.6,8.5,4.5,1.0,0.5,2.8,2.1,28.0,1
448,449,Terry Taylor,PF,24,CHI,14,0,7.1,0.9,1.4,0.6,0.0,0.3,0.0,0.9,1.1,0.75,0.6,0.1,0.1,1.0,0.8,0.4,1.2,0.2,0.2,0.1,0.4,0.7,1.8,0
449,450,Garrett Temple,SG,37,TOR,8,0,3.9,0.8,1.0,0.75,0.3,0.3,1.0,0.5,0.8,0.667,0.875,0.3,0.3,1.0,0.0,0.5,0.5,0.5,0.1,0.0,0.1,0.3,2.0,0
450,451,Dalen Terry,SG,21,CHI,23,1,10.3,0.8,2.0,0.413,0.3,1.1,0.231,0.6,0.9,0.65,0.478,0.5,0.6,0.786,0.3,1.4,1.7,1.3,0.2,0.3,0.5,1.2,2.4,0
451,452,Daniel Theis,C,31,TOT,27,0,16.3,2.6,5.1,0.511,0.4,0.9,0.417,2.2,4.2,0.531,0.547,0.9,1.2,0.758,1.5,1.9,3.4,0.8,0.4,0.8,0.7,2.3,6.5,0
452,453,Cam Thomas,SG,22,BRK,28,20,28.5,7.5,17.4,0.431,1.9,5.4,0.358,5.6,12.0,0.464,0.487,3.4,4.2,0.812,0.3,2.2,2.5,2.1,0.6,0.3,1.6,1.9,20.3,0
453,454,Amen Thompson,SF,21,HOU,17,0,15.5,2.1,4.8,0.427,0.2,1.5,0.154,1.8,3.3,0.554,0.451,1.1,1.8,0.613,0.6,2.8,3.4,1.9,0.8,0.2,1.2,1.9,5.5,0
454,455,Ausar Thompson,SF,21,DET,38,24,23.8,3.3,7.5,0.444,0.2,1.7,0.138,3.1,5.8,0.534,0.46,1.3,1.8,0.686,2.1,4.6,6.7,2.1,0.9,1.0,1.4,3.1,8.2,0
455,456,Klay Thompson,SF,33,GSW,36,36,30.1,6.0,13.9,0.428,3.2,8.4,0.385,2.8,5.6,0.493,0.544,1.9,2.1,0.907,0.5,3.1,3.6,2.2,0.5,0.5,1.7,1.9,17.1,0
456,457,Tristan Thompson,PF,32,CLE,31,0,11.8,1.6,2.5,0.671,0.0,0.0,0.0,1.6,2.5,0.671,0.671,0.4,1.2,0.333,1.7,2.0,3.8,1.1,0.2,0.3,0.6,1.5,3.7,0
457,458,JT Thor,PF,21,CHO,29,1,15.0,1.3,3.6,0.365,0.5,1.6,0.298,0.8,2.0,0.421,0.433,0.1,0.2,0.429,0.9,1.7,2.7,0.4,0.2,0.4,0.2,1.1,3.2,0
458,459,Matisse Thybulle,SF,26,POR,35,13,23.1,2.0,4.8,0.425,1.5,3.8,0.381,0.6,0.9,0.606,0.578,0.3,0.3,0.75,0.5,1.7,2.1,1.1,1.6,0.9,0.6,1.2,5.8,0
459,460,Xavier Tillman Sr.,C,25,MEM,25,8,18.7,2.3,5.8,0.393,0.4,1.6,0.244,1.9,4.2,0.452,0.428,0.4,1.0,0.385,1.7,2.9,4.6,1.4,1.0,0.9,0.8,1.6,5.4,0
460,461,Jacob Toppin,SF,23,NYK,3,0,1.3,0.0,0.0,0.0,0.0,0.0,0.0,0.0,0.0,0.0,0.0,0.0,0.0,0.0,0.0,0.0,0.0,0.3,0.0,0.3,0.0,0.0,0.0,0
461,462,Obi Toppin,PF,25,IND,37,28,23.9,4.5,7.8,0.579,1.4,3.5,0.408,3.1,4.3,0.719,0.671,1.1,1.5,0.764,1.1,2.9,3.9,1.5,0.5,0.5,0.8,2.2,11.6,0
462,463,Juan Toscano-Anderson,SF,30,SAC,10,0,5.0,0.2,1.0,0.2,0.0,0.3,0.0,0.2,0.7,0.286,0.2,0.0,0.0,0.0,0.4,1.0,1.4,0.4,0.1,0.1,0.2,1.0,0.4,0
463,464,Karl-Anthony Towns,PF,28,MIN,36,36,33.0,7.8,15.4,0.505,1.9,4.8,0.407,5.9,10.7,0.549,0.568,4.2,4.7,0.899,1.6,7.4,9.0,3.1,0.8,0.6,2.9,3.4,21.8,1
464,465,Gary Trent Jr.,SG,25,TOR,34,5,25.8,4.2,10.2,0.411,2.2,5.6,0.397,2.0,4.7,0.428,0.519,0.8,1.3,0.651,0.3,2.0,2.3,1.6,0.8,0.1,0.6,1.1,11.4,0
465,466,Oscar Tshiebwe,PF,24,IND,4,0,4.8,1.3,2.3,0.556,0.0,0.0,0.0,1.3,2.3,0.556,0.556,0.8,1.0,0.75,0.5,0.8,1.3,0.5,0.0,0.0,0.0,0.3,3.3,0
466,467,P.J. Tucker,PF,38,TOT,15,3,15.9,0.4,1.3,0.316,0.3,1.1,0.313,0.1,0.2,0.333,0.447,0.2,0.2,1.0,1.1,1.8,2.9,0.5,0.6,0.2,0.3,2.3,1.3,0
467,468,Myles Turner,C,27,IND,36,36,27.8,6.3,11.9,0.53,1.4,4.0,0.345,4.9,7.9,0.625,0.589,3.6,4.4,0.811,1.9,5.6,7.4,1.3,0.5,2.0,1.4,3.1,17.6,0
468,469,Hunter Tyson,PF,23,DEN,8,0,2.5,0.1,0.5,0.25,0.0,0.4,0.0,0.1,0.1,1.0,0.25,0.0,0.0,0.0,0.0,0.6,0.6,0.1,0.0,0.0,0.0,0.6,0.3,0
469,470,Stanley Umude,SG,24,DET,15,0,10.3,1.3,2.9,0.455,0.9,1.8,0.519,0.4,1.1,0.353,0.614,1.4,1.5,0.913,0.2,1.7,1.9,0.5,0.3,0.3,0.7,1.6,5.0,0
470,471,Jonas Valan?i?nas,C,31,NOP,38,38,26.8,5.7,9.8,0.575,0.7,1.9,0.38,4.9,8.0,0.62,0.611,2.2,2.7,0.798,2.4,7.3,9.7,2.3,0.6,1.2,1.5,3.2,14.2,0
471,472,Jarred Vanderbilt,PF,24,LAL,17,5,17.8,1.1,3.1,0.365,0.1,0.9,0.067,1.1,2.2,0.486,0.375,0.2,0.4,0.667,1.2,2.9,4.1,0.9,0.6,0.2,0.6,1.6,2.5,0
472,473,Fred VanVleet,PG,29,HOU,35,35,37.4,5.7,14.2,0.404,3.1,8.0,0.394,2.6,6.2,0.417,0.515,2.9,3.4,0.873,0.3,3.6,3.9,8.5,1.1,0.7,1.7,1.9,17.6,0
473,474,Devin Vassell,SG,23,SAS,31,25,30.6,6.9,14.5,0.472,2.6,7.0,0.378,4.2,7.5,0.56,0.563,2.3,2.8,0.814,0.4,3.0,3.4,3.1,1.3,0.2,1.2,1.1,18.6,0
474,475,Sasha Vezenkov,PF,28,SAC,28,0,13.2,2.1,4.8,0.436,1.1,3.0,0.357,1.0,1.8,0.571,0.549,0.2,0.3,0.75,0.8,1.8,2.6,0.5,0.5,0.2,0.3,1.0,5.4,0
475,476,Gabe Vincent,PG,27,LAL,5,0,25.4,2.4,6.4,0.375,0.4,3.4,0.118,2.0,3.0,0.667,0.406,0.2,0.4,0.5,0.4,0.6,1.0,3.0,1.2,0.0,0.4,2.4,5.4,0
476,477,Nikola Vu?evi?,C,33,CHI,34,32,33.8,7.1,15.5,0.457,1.1,3.9,0.269,6.0,11.6,0.522,0.491,1.4,1.6,0.875,2.7,7.7,10.4,3.4,0.8,0.7,1.6,2.7,16.7,0
477,478,Dean Wade,PF,27,CLE,29,22,21.6,1.7,4.3,0.397,1.3,3.7,0.368,0.4,0.7,0.55,0.552,0.4,0.5,0.786,1.0,3.6,4.6,0.9,0.8,0.3,0.5,2.1,5.2,0
478,479,Franz Wagner,SF,22,ORL,34,34,33.4,7.7,16.5,0.467,1.4,4.8,0.288,6.3,11.7,0.54,0.509,4.1,4.8,0.852,1.1,4.8,5.9,3.9,1.1,0.4,1.9,2.3,20.9,0
479,480,Moritz Wagner,C,26,ORL,37,1,19.4,4.5,7.5,0.594,0.6,1.8,0.318,3.9,5.7,0.679,0.631,2.0,2.6,0.781,1.6,3.1,4.7,1.2,0.5,0.3,1.2,2.3,11.5,0
480,481,Ish Wainright,SF,29,POR,7,0,6.6,0.9,2.6,0.333,0.9,2.3,0.375,0.0,0.3,0.0,0.5,0.3,0.3,1.0,0.0,1.3,1.3,0.0,0.3,0.1,0.1,0.6,2.9,0
481,482,Jabari Walker,SF,21,POR,33,0,18.8,2.9,5.9,0.485,0.5,1.8,0.267,2.4,4.1,0.581,0.526,1.8,2.3,0.766,1.8,3.6,5.5,0.8,0.7,0.4,0.9,2.3,8.0,0
482,483,Jarace Walker,PF,20,IND,12,0,8.3,1.3,2.8,0.441,0.4,1.2,0.357,0.8,1.7,0.5,0.515,0.5,0.6,0.857,0.2,0.9,1.1,1.1,0.3,0.3,0.3,1.0,3.4,0
483,484,Lonnie Walker IV,SG,25,BRK,19,0,19.7,4.6,9.7,0.476,2.3,5.2,0.449,2.3,4.6,0.506,0.595,1.5,2.0,0.763,0.2,2.3,2.5,1.5,0.6,0.4,1.3,0.9,13.1,0
484,485,Cason Wallace,SG,20,OKC,36,6,21.6,2.7,5.1,0.524,1.1,2.6,0.43,1.6,2.6,0.62,0.632,0.4,0.5,0.842,0.5,1.6,2.1,1.5,0.6,0.5,0.5,1.7,6.9,0
485,486,P.J. Washington,PF,25,CHO,30,13,28.6,4.9,11.5,0.424,1.8,5.6,0.314,3.1,5.8,0.531,0.501,1.5,2.0,0.763,1.2,4.0,5.2,2.3,0.9,0.7,1.5,2.5,13.0,0
486,487,TyTy Washington Jr.,PG,22,MIL,2,0,3.0,0.5,1.5,0.333,0.5,1.0,0.5,0.0,0.5,0.0,0.5,0.0,0.0,0.0,0.0,0.5,0.5,0.0,0.5,0.0,1.0,0.0,1.5,0
487,488,Yuta Watanabe,SF,29,PHO,24,0,15.0,1.3,3.8,0.337,1.0,3.0,0.315,0.3,0.8,0.421,0.462,0.4,0.6,0.667,0.5,1.3,1.8,0.4,0.3,0.3,0.6,1.3,4.0,0
488,489,Lindy Waters III,SG,26,OKC,13,0,7.5,1.1,2.5,0.438,1.0,2.4,0.419,0.1,0.1,1.0,0.641,0.0,0.0,0.0,0.1,0.7,0.8,0.5,0.0,0.1,0.1,0.7,3.2,0
489,490,Trendon Watford,PF,23,BRK,26,0,13.0,2.5,4.7,0.537,0.3,0.8,0.364,2.2,3.8,0.576,0.57,0.9,1.1,0.828,0.9,2.2,3.2,1.7,0.5,0.3,0.9,1.6,6.2,0
490,491,Peyton Watson,SF,21,DEN,37,2,17.7,2.6,5.4,0.49,0.7,2.0,0.342,2.0,3.4,0.575,0.553,1.0,1.5,0.704,0.6,2.1,2.7,1.0,0.5,0.8,0.5,1.7,7.0,0
491,492,Victor Wembanyama,PF,20,SAS,32,32,28.9,7.1,15.8,0.447,1.4,5.0,0.288,5.6,10.8,0.52,0.492,3.7,4.6,0.796,2.1,8.1,10.2,3.1,1.2,3.2,3.1,2.3,19.2,0
492,493,Blake Wesley,SG,20,SAS,15,0,8.2,1.1,2.3,0.5,0.0,0.4,0.0,1.1,1.9,0.607,0.5,0.5,1.0,0.467,0.2,0.6,0.8,1.5,0.3,0.1,0.3,1.2,2.7,0
493,494,Russell Westbrook,PG,35,LAC,37,10,23.1,4.4,9.5,0.459,0.6,2.3,0.271,3.8,7.2,0.519,0.492,1.4,2.2,0.654,1.5,4.4,5.9,4.6,1.1,0.5,2.2,1.9,10.8,0
494,495,Coby White,PG,23,CHI,39,39,35.4,6.5,14.6,0.449,2.9,7.3,0.402,3.6,7.2,0.496,0.55,2.4,2.9,0.826,0.4,4.0,4.5,4.9,0.7,0.3,2.1,2.5,18.5,0
495,496,Derrick White,SG,29,BOS,34,34,32.4,5.4,11.5,0.474,2.6,6.5,0.407,2.8,5.0,0.562,0.59,2.6,2.9,0.9,0.7,3.4,4.1,5.2,1.1,1.2,1.7,2.3,16.2,0
496,497,Cam Whitmore,SF,19,HOU,13,0,12.8,3.4,6.3,0.537,1.1,2.5,0.424,2.3,3.8,0.612,0.622,1.1,1.6,0.667,0.5,2.2,2.7,0.3,0.8,0.1,0.8,1.2,8.9,0
497,498,Aaron Wiggins,SG,25,OKC,34,0,12.5,2.0,3.4,0.591,0.5,1.0,0.486,1.5,2.4,0.638,0.665,0.6,0.8,0.741,0.6,1.6,2.3,0.8,0.4,0.1,0.5,1.1,5.1,0
498,499,Andrew Wiggins,SF,28,GSW,33,22,25.8,4.5,10.7,0.418,0.9,3.2,0.298,3.5,7.5,0.468,0.462,1.9,2.7,0.689,1.7,2.4,4.1,1.3,0.3,0.4,1.5,2.3,11.7,0
499,500,Lindell Wigginton,PG,25,MIL,3,0,2.7,0.7,1.7,0.4,0.0,0.7,0.0,0.7,1.0,0.667,0.4,0.7,0.7,1.0,0.0,0.0,0.0,0.0,0.0,0.0,0.3,0.3,2.0,0
500,501,Brandon Williams,PG,24,DAL,4,0,6.5,1.0,2.0,0.5,0.3,0.3,1.0,0.8,1.8,0.429,0.563,0.5,1.3,0.4,0.5,0.5,1.0,1.0,0.3,0.3,0.5,0.3,2.8,0
501,502,Grant Williams,PF,25,DAL,34,27,27.1,2.9,7.0,0.418,1.8,4.6,0.38,1.1,2.3,0.494,0.544,0.8,1.1,0.667,1.0,2.6,3.6,1.6,0.4,0.6,1.0,2.8,8.4,0
502,503,Jalen Williams,PF,22,OKC,33,33,32.1,7.0,12.9,0.539,1.3,3.0,0.44,5.6,9.9,0.569,0.59,2.9,3.5,0.835,0.4,3.7,4.1,4.4,1.1,0.5,1.9,2.7,18.2,0
503,504,Jaylin Williams,C,21,OKC,30,0,11.5,1.2,3.0,0.385,0.7,2.0,0.339,0.5,1.1,0.469,0.495,0.5,0.5,0.933,0.4,2.7,3.1,1.4,0.3,0.2,0.3,1.6,3.5,0
504,505,Jeenathan Williams,SG,24,HOU,4,0,5.5,1.5,2.8,0.545,0.0,0.5,0.0,1.5,2.3,0.667,0.545,0.3,0.5,0.5,0.0,0.0,0.0,0.5,0.3,0.0,0.0,0.5,3.3,0
505,506,Kenrich Williams,PF,29,OKC,25,0,15.6,1.8,3.8,0.489,0.8,1.9,0.447,1.0,1.9,0.532,0.601,0.1,0.4,0.3,0.8,2.0,2.8,1.7,0.6,0.1,0.4,1.6,4.6,0
506,507,Mark Williams,C,22,CHO,19,19,26.7,5.2,7.9,0.649,0.0,0.0,0.0,5.2,7.9,0.649,0.649,2.4,3.4,0.719,4.0,5.7,9.7,1.2,0.8,1.1,0.9,2.6,12.7,0
507,508,Patrick Williams,PF,22,CHI,38,27,27.3,3.7,8.2,0.448,1.3,3.2,0.41,2.3,4.9,0.473,0.529,1.2,1.6,0.767,1.1,2.8,3.9,1.4,0.9,0.8,1.3,1.8,9.8,0
508,509,Robert Williams,C,26,POR,6,0,19.8,2.8,4.3,0.654,0.0,0.0,0.0,2.8,4.3,0.654,0.654,1.2,1.5,0.778,1.8,4.5,6.3,0.8,1.2,1.2,1.2,2.8,6.8,0
509,510,Vince Williams Jr.,SG,23,MEM,27,8,21.9,1.8,4.7,0.375,1.2,3.5,0.351,0.6,1.3,0.441,0.504,1.1,1.3,0.833,1.1,4.0,5.1,1.8,0.6,0.6,0.9,2.4,5.9,0
510,511,Ziaire Williams,SF,22,MEM,35,8,18.9,2.8,6.9,0.411,1.1,3.5,0.331,1.7,3.4,0.492,0.494,1.0,1.2,0.837,0.6,2.9,3.5,1.3,0.5,0.3,1.2,1.7,7.8,0
511,512,Zion Williamson,PF,23,NOP,31,31,30.2,8.5,14.6,0.584,0.1,0.3,0.333,8.4,14.3,0.589,0.587,4.6,6.9,0.664,1.9,4.1,5.9,4.6,1.0,0.4,2.6,2.7,21.7,0
512,513,Jalen Wilson,PF,23,BRK,11,0,9.5,1.5,2.9,0.5,0.2,0.7,0.25,1.3,2.2,0.583,0.531,1.4,1.4,1.0,1.4,0.8,2.2,0.8,0.3,0.1,0.3,0.8,4.5,0
513,514,Dylan Windler,SF,27,NYK,3,0,2.3,0.3,0.7,0.5,0.3,0.7,0.5,0.0,0.0,0.0,0.75,0.0,0.0,0.0,0.0,0.3,0.3,0.3,0.0,0.0,0.0,0.3,1.0,0
514,515,James Wiseman,C,22,DET,27,0,15.0,2.7,4.0,0.679,0.0,0.1,0.0,2.7,4.0,0.692,0.679,0.8,1.3,0.618,1.4,2.8,4.2,0.7,0.1,0.7,0.9,2.1,6.3,0
515,516,Christian Wood,PF,28,LAL,33,1,19.2,2.6,5.4,0.48,0.8,2.4,0.338,1.8,3.0,0.596,0.556,1.3,2.0,0.667,0.9,4.7,5.6,1.0,0.2,0.7,1.2,1.6,7.4,0
516,517,Delon Wright,PG,31,WAS,16,0,17.0,1.5,4.1,0.369,0.4,1.4,0.304,1.1,2.6,0.405,0.423,1.1,1.4,0.783,0.4,1.9,2.3,3.3,1.4,0.2,0.6,0.8,4.6,0
517,518,Thaddeus Young,PF,35,TOR,10,2,8.7,1.6,2.6,0.615,0.1,0.3,0.333,1.5,2.3,0.652,0.635,0.1,0.3,0.333,0.6,1.0,1.6,1.4,0.7,0.1,0.7,0.8,3.4,0
518,519,Trae Young,PG,25,ATL,34,34,36.6,8.6,20.0,0.429,3.4,9.3,0.362,5.2,10.8,0.486,0.512,7.3,8.5,0.855,0.4,2.6,3.0,11.0,1.4,0.2,4.3,2.0,27.8,0
519,520,Omer Yurtseven,C,25,UTA,22,6,11.3,1.6,3.4,0.486,0.1,0.7,0.2,1.5,2.7,0.559,0.507,0.3,0.5,0.6,1.5,2.9,4.4,0.6,0.2,0.5,1.0,1.5,3.7,0
520,521,Cody Zeller,C,31,NOP,28,0,9.0,0.7,1.8,0.388,0.0,0.1,0.333,0.6,1.6,0.391,0.398,0.7,1.2,0.606,1.2,1.6,2.8,1.1,0.1,0.1,0.4,1.3,2.1,0
521,522,Ivica Zubac,C,26,LAC,37,37,27.2,5.4,8.2,0.659,0.0,0.0,0.0,5.4,8.2,0.659,0.659,1.8,2.8,0.641,3.2,6.5,9.7,1.3,0.2,1.4,1.2,2.9,12.5,0
